"","date","value"
"1",2014-04-29,41.959999
"2",2014-04-30,42.299999
"3",2014-05-01,42.299999
"4",2014-05-02,42.110001
"5",2014-05-03,42.110001
"6",2014-05-04,42.110001
"7",2014-05-05,41.919998
"8",2014-05-06,41.98
"9",2014-05-07,41.970001
"10",2014-05-08,41.740002
"11",2014-05-09,42
"12",2014-05-10,42
"13",2014-05-11,42
"14",2014-05-12,42.389999
"15",2014-05-13,42.310001
"16",2014-05-14,42.110001
"17",2014-05-15,41.93
"18",2014-05-16,41.830002
"19",2014-05-17,41.830002
"20",2014-05-18,41.830002
"21",2014-05-19,42.02
"22",2014-05-20,41.889999
"23",2014-05-21,42.09
"24",2014-05-22,42.419998
"25",2014-05-23,42.650002
"26",2014-05-24,42.650002
"27",2014-05-25,42.650002
"28",2014-05-26,42.610001
"29",2014-05-27,43.189999
"30",2014-05-28,43.23
"31",2014-05-29,43.110001
"32",2014-05-30,43.77
"33",2014-05-31,43.77
"34",2014-06-01,43.77
"35",2014-06-02,44.189999
"36",2014-06-03,44.279999
"37",2014-06-04,44.380001
"38",2014-06-05,44.299999
"39",2014-06-06,44.200001
"40",2014-06-07,44.200001
"41",2014-06-08,44.200001
"42",2014-06-09,43.939999
"43",2014-06-10,43.860001
"44",2014-06-11,43.84
"45",2014-06-12,43.84
"46",2014-06-13,43.599998
"47",2014-06-14,43.599998
"48",2014-06-15,43.599998
"49",2014-06-16,43.599998
"50",2014-06-17,44.130001
"51",2014-06-18,44.029999
"52",2014-06-19,44.029999
"53",2014-06-20,44.029999
"54",2014-06-21,44.029999
"55",2014-06-22,44.029999
"56",2014-06-23,43.959999
"57",2014-06-24,43.93
"58",2014-06-25,43.639999
"59",2014-06-26,43.400002
"60",2014-06-27,43.419998
"61",2014-06-28,43.419998
"62",2014-06-29,43.419998
"63",2014-06-30,43.700001
"64",2014-07-01,43.900002
"65",2014-07-02,44.330002
"66",2014-07-03,44.369999
"67",2014-07-04,44.389999
"68",2014-07-05,44.389999
"69",2014-07-06,44.389999
"70",2014-07-07,44.400002
"71",2014-07-08,44.400002
"72",2014-07-09,44.400002
"73",2014-07-10,44.029999
"74",2014-07-11,44.060001
"75",2014-07-12,44.060001
"76",2014-07-13,44.060001
"77",2014-07-14,44.150002
"78",2014-07-15,44.299999
"79",2014-07-16,44.470001
"80",2014-07-17,44.650002
"81",2014-07-18,44.509998
"82",2014-07-19,44.509998
"83",2014-07-20,44.509998
"84",2014-07-21,44.189999
"85",2014-07-22,44.299999
"86",2014-07-23,44.580002
"87",2014-07-24,44.580002
"88",2014-07-25,44.509998
"89",2014-07-26,44.509998
"90",2014-07-27,44.509998
"91",2014-07-28,44.439999
"92",2014-07-29,44.560001
"93",2014-07-30,44.700001
"94",2014-07-31,44.439999
"95",2014-08-01,44.049999
"96",2014-08-02,44.049999
"97",2014-08-03,44.049999
"98",2014-08-04,44.119999
"99",2014-08-05,44.23
"100",2014-08-06,44.119999
"101",2014-08-07,44.279999
"102",2014-08-08,44.540001
"103",2014-08-09,44.540001
"104",2014-08-10,44.540001
"105",2014-08-11,44.639999
"106",2014-08-12,44.450001
"107",2014-08-13,44.860001
"108",2014-08-14,44.810001
"109",2014-08-15,44.700001
"110",2014-08-16,44.700001
"111",2014-08-17,44.700001
"112",2014-08-18,45.009998
"113",2014-08-19,45.099998
"114",2014-08-20,45.099998
"115",2014-08-21,45.459999
"116",2014-08-22,45.939999
"117",2014-08-23,45.939999
"118",2014-08-24,45.939999
"119",2014-08-25,46.259998
"120",2014-08-26,45.889999
"121",2014-08-27,45.73
"122",2014-08-28,45.32
"123",2014-08-29,45.34
"124",2014-08-30,45.34
"125",2014-08-31,45.34
"126",2014-09-01,45.369999
"127",2014-09-02,45.689999
"128",2014-09-03,45.290001
"129",2014-09-04,45.5
"130",2014-09-05,45.439999
"131",2014-09-06,45.439999
"132",2014-09-07,45.439999
"133",2014-09-08,45.919998
"134",2014-09-09,46.07
"135",2014-09-10,46.389999
"136",2014-09-11,46.310001
"137",2014-09-12,46.990002
"138",2014-09-13,46.990002
"139",2014-09-14,46.990002
"140",2014-09-15,47.080002
"141",2014-09-16,47.200001
"142",2014-09-17,47.810001
"143",2014-09-18,48.139999
"144",2014-09-19,48.43
"145",2014-09-20,48.43
"146",2014-09-21,48.43
"147",2014-09-22,48.299999
"148",2014-09-23,48.360001
"149",2014-09-24,48.240002
"150",2014-09-25,48.290001
"151",2014-09-26,48.41
"152",2014-09-27,48.41
"153",2014-09-28,48.41
"154",2014-09-29,48.880001
"155",2014-09-30,48.799999
"156",2014-10-01,48.939999
"157",2014-10-02,49.040001
"158",2014-10-03,49.32
"159",2014-10-04,49.32
"160",2014-10-05,49.32
"161",2014-10-06,48.400002
"162",2014-10-07,47.279999
"163",2014-10-08,47.400002
"164",2014-10-09,46.709999
"165",2014-10-10,46.830002
"166",2014-10-11,46.830002
"167",2014-10-12,46.830002
"168",2014-10-13,45.650002
"169",2014-10-14,45.790001
"170",2014-10-15,45.5
"171",2014-10-16,46.599998
"172",2014-10-17,46.5
"173",2014-10-18,46.5
"174",2014-10-19,46.5
"175",2014-10-20,47.259998
"176",2014-10-21,48.41
"177",2014-10-22,48.650002
"178",2014-10-23,49.689999
"179",2014-10-24,48.900002
"180",2014-10-25,48.900002
"181",2014-10-26,48.900002
"182",2014-10-27,50.049999
"183",2014-10-28,49.509998
"184",2014-10-29,49.389999
"185",2014-10-30,49.389999
"186",2014-10-31,50.290001
"187",2014-11-01,50.290001
"188",2014-11-02,50.290001
"189",2014-11-03,51.240002
"190",2014-11-04,51.16
"191",2014-11-05,51.16
"192",2014-11-06,52.240002
"193",2014-11-07,52.849998
"194",2014-11-08,52.849998
"195",2014-11-09,52.849998
"196",2014-11-10,52.599998
"197",2014-11-11,52.959999
"198",2014-11-12,52.970001
"199",2014-11-13,53.700001
"200",2014-11-14,53.82
"201",2014-11-15,53.82
"202",2014-11-16,53.82
"203",2014-11-17,53.470001
"204",2014-11-18,53.900002
"205",2014-11-19,53.57
"206",2014-11-20,53.57
"207",2014-11-21,52.77
"208",2014-11-22,52.77
"209",2014-11-23,52.77
"210",2014-11-24,53.5
"211",2014-11-25,53.130001
"212",2014-11-26,52.529999
"213",2014-11-27,52.689999
"214",2014-11-28,53.950001
"215",2014-11-29,53.950001
"216",2014-11-30,53.950001
"217",2014-12-01,53.200001
"218",2014-12-02,53.759998
"219",2014-12-03,53.700001
"220",2014-12-04,54.110001
"221",2014-12-05,54.700001
"222",2014-12-06,54.700001
"223",2014-12-07,54.700001
"224",2014-12-08,54.720001
"225",2014-12-09,54.139999
"226",2014-12-10,54.27
"227",2014-12-11,54.709999
"228",2014-12-12,54.689999
"229",2014-12-13,54.689999
"230",2014-12-14,54.689999
"231",2014-12-15,54.400002
"232",2014-12-16,55.43
"233",2014-12-17,54.700001
"234",2014-12-18,54.98
"235",2014-12-19,55.849998
"236",2014-12-20,55.849998
"237",2014-12-21,55.849998
"238",2014-12-22,54.57
"239",2014-12-23,57.330002
"240",2014-12-24,57.330002
"241",2014-12-25,57.330002
"242",2014-12-26,56.549999
"243",2014-12-27,56.549999
"244",2014-12-28,56.549999
"245",2014-12-29,57.25
"246",2014-12-30,55.389999
"247",2014-12-31,55.389999
"248",2015-01-01,55.389999
"249",2015-01-02,55.799999
"250",2015-01-03,55.799999
"251",2015-01-04,55.799999
"252",2015-01-05,55.75
"253",2015-01-06,54.849998
"254",2015-01-07,55.169998
"255",2015-01-08,55.799999
"256",2015-01-09,54.75
"257",2015-01-10,54.75
"258",2015-01-11,54.75
"259",2015-01-12,54.849998
"260",2015-01-13,54
"261",2015-01-14,53.099998
"262",2015-01-15,53.57
"263",2015-01-16,53.450001
"264",2015-01-17,53.450001
"265",2015-01-18,53.450001
"266",2015-01-19,53.82
"267",2015-01-20,53.32
"268",2015-01-21,53.580002
"269",2015-01-22,53.400002
"270",2015-01-23,53.93
"271",2015-01-24,53.93
"272",2015-01-25,53.93
"273",2015-01-26,53.799999
"274",2015-01-27,53.139999
"275",2015-01-28,53.200001
"276",2015-01-29,53.360001
"277",2015-01-30,54.700001
"278",2015-01-31,54.700001
"279",2015-02-01,54.700001
"280",2015-02-02,54.330002
"281",2015-02-03,55.720001
"282",2015-02-04,57.029999
"283",2015-02-05,57.34
"284",2015-02-06,58.16
"285",2015-02-07,58.16
"286",2015-02-08,58.16
"287",2015-02-09,57.799999
"288",2015-02-10,59.220001
"289",2015-02-11,60.23
"290",2015-02-12,59.779999
"291",2015-02-13,60.110001
"292",2015-02-14,60.110001
"293",2015-02-15,60.110001
"294",2015-02-16,60.110001
"295",2015-02-17,60.110001
"296",2015-02-18,60.330002
"297",2015-02-19,61.189999
"298",2015-02-20,61.540001
"299",2015-02-21,61.540001
"300",2015-02-22,61.540001
"301",2015-02-23,61.400002
"302",2015-02-24,60.990002
"303",2015-02-25,61.740002
"304",2015-02-26,61.849998
"305",2015-02-27,61.049999
"306",2015-02-28,61.049999
"307",2015-03-01,61.049999
"308",2015-03-02,62.23
"309",2015-03-03,62.540001
"310",2015-03-04,63.639999
"311",2015-03-05,64.440002
"312",2015-03-06,64.360001
"313",2015-03-07,64.360001
"314",2015-03-08,64.360001
"315",2015-03-09,66.269997
"316",2015-03-10,64.800003
"317",2015-03-11,64.839996
"318",2015-03-12,66.370003
"319",2015-03-13,67.739998
"320",2015-03-14,67.739998
"321",2015-03-15,67.739998
"322",2015-03-16,68.709999
"323",2015-03-17,68.690002
"324",2015-03-18,68.349998
"325",2015-03-19,70.199997
"326",2015-03-20,69.419998
"327",2015-03-21,69.419998
"328",2015-03-22,69.419998
"329",2015-03-23,67.349998
"330",2015-03-24,66.550003
"331",2015-03-25,66.860001
"332",2015-03-26,66.75
"333",2015-03-27,67.779999
"334",2015-03-28,67.779999
"335",2015-03-29,67.779999
"336",2015-03-30,68.480003
"337",2015-03-31,66.940002
"338",2015-04-01,66.449997
"339",2015-04-02,65.690002
"340",2015-04-03,65.690002
"341",2015-04-04,65.690002
"342",2015-04-05,65.690002
"343",2015-04-06,66.050003
"344",2015-04-07,66.169998
"345",2015-04-08,64.669998
"346",2015-04-09,65
"347",2015-04-10,65.769997
"348",2015-04-11,65.769997
"349",2015-04-12,65.769997
"350",2015-04-13,66.5
"351",2015-04-14,65.279999
"352",2015-04-15,65.809998
"353",2015-04-16,64.639999
"354",2015-04-17,64.339996
"355",2015-04-18,64.339996
"356",2015-04-19,64.339996
"357",2015-04-20,64.790001
"358",2015-04-21,64.790001
"359",2015-04-22,64.5
"360",2015-04-23,64.080002
"361",2015-04-24,63.779999
"362",2015-04-25,63.779999
"363",2015-04-26,63.779999
"364",2015-04-27,62.709999
"365",2015-04-28,63.23
"366",2015-04-29,63.490002
"367",2015-04-30,63.91
"368",2015-05-01,63.91
"369",2015-05-02,63.91
"370",2015-05-03,63.91
"371",2015-05-04,66.330002
"372",2015-05-05,65.209999
"373",2015-05-06,64.5
"374",2015-05-07,64.349998
"375",2015-05-08,64.18
"376",2015-05-09,64.18
"377",2015-05-10,64.18
"378",2015-05-11,65.449997
"379",2015-05-12,64.529999
"380",2015-05-13,64.940002
"381",2015-05-14,64.699997
"382",2015-05-15,64.790001
"383",2015-05-16,64.790001
"384",2015-05-17,64.790001
"385",2015-05-18,65.410004
"386",2015-05-19,66
"387",2015-05-20,65.120003
"388",2015-05-21,66.099998
"389",2015-05-22,67.160004
"390",2015-05-23,67.160004
"391",2015-05-24,67.160004
"392",2015-05-25,67.510002
"393",2015-05-26,67.540001
"394",2015-05-27,68.190002
"395",2015-05-28,68.379997
"396",2015-05-29,68.489998
"397",2015-05-30,68.489998
"398",2015-05-31,68.489998
"399",2015-06-01,68.209999
"400",2015-06-02,67.5
"401",2015-06-03,67.639999
"402",2015-06-04,67.639999
"403",2015-06-05,67.339996
"404",2015-06-06,67.339996
"405",2015-06-07,67.339996
"406",2015-06-08,65.989998
"407",2015-06-09,65.760002
"408",2015-06-10,66.919998
"409",2015-06-11,66.699997
"410",2015-06-12,66.730003
"411",2015-06-13,66.730003
"412",2015-06-14,66.730003
"413",2015-06-15,66.620003
"414",2015-06-16,66.279999
"415",2015-06-17,65.620003
"416",2015-06-18,66.18
"417",2015-06-19,66.900002
"418",2015-06-20,66.900002
"419",2015-06-21,66.900002
"420",2015-06-22,66.870003
"421",2015-06-23,66.650002
"422",2015-06-24,66.559998
"423",2015-06-25,66.660004
"424",2015-06-26,67.099998
"425",2015-06-27,67.099998
"426",2015-06-28,67.099998
"427",2015-06-29,65.510002
"428",2015-06-30,65.5
"429",2015-07-01,66.699997
"430",2015-07-02,65.580002
"431",2015-07-03,66.900002
"432",2015-07-04,66.900002
"433",2015-07-05,66.900002
"434",2015-07-06,66.389999
"435",2015-07-07,67.629997
"436",2015-07-08,67.599998
"437",2015-07-09,67.599998
"438",2015-07-10,67.110001
"439",2015-07-11,67.110001
"440",2015-07-12,67.110001
"441",2015-07-13,66.529999
"442",2015-07-14,67.599998
"443",2015-07-15,67.440002
"444",2015-07-16,68.25
"445",2015-07-17,69.300003
"446",2015-07-18,69.300003
"447",2015-07-19,69.300003
"448",2015-07-20,68.400002
"449",2015-07-21,68.629997
"450",2015-07-22,69.599998
"451",2015-07-23,70.599998
"452",2015-07-24,71
"453",2015-07-25,71
"454",2015-07-26,71
"455",2015-07-27,70.900002
"456",2015-07-28,72.040001
"457",2015-07-29,71.599998
"458",2015-07-30,72.599998
"459",2015-07-31,73.459999
"460",2015-08-01,73.459999
"461",2015-08-02,73.459999
"462",2015-08-03,73.68
"463",2015-08-04,73.910004
"464",2015-08-05,74.739998
"465",2015-08-06,75.330002
"466",2015-08-07,74.480003
"467",2015-08-08,74.480003
"468",2015-08-09,74.480003
"469",2015-08-10,73.879997
"470",2015-08-11,74.5
"471",2015-08-12,74.07
"472",2015-08-13,74.900002
"473",2015-08-14,74.519997
"474",2015-08-15,74.519997
"475",2015-08-16,74.519997
"476",2015-08-17,74.839996
"477",2015-08-18,74.199997
"478",2015-08-19,74.239998
"479",2015-08-20,72.269997
"480",2015-08-21,70.669998
"481",2015-08-22,70.669998
"482",2015-08-23,70.669998
"483",2015-08-24,69
"484",2015-08-25,70
"485",2015-08-26,71.629997
"486",2015-08-27,72.309998
"487",2015-08-28,72.879997
"488",2015-08-29,72.879997
"489",2015-08-30,72.879997
"490",2015-08-31,73.099998
"491",2015-09-01,72.139999
"492",2015-09-02,74.879997
"493",2015-09-03,75
"494",2015-09-04,76.209999
"495",2015-09-05,76.209999
"496",2015-09-06,76.209999
"497",2015-09-07,76.209999
"498",2015-09-08,76.93
"499",2015-09-09,75.540001
"500",2015-09-10,77.5
"501",2015-09-11,77.730003
"502",2015-09-12,77.730003
"503",2015-09-13,77.730003
"504",2015-09-14,76.269997
"505",2015-09-15,78.43
"506",2015-09-16,78.330002
"507",2015-09-17,79.120003
"508",2015-09-18,79.150002
"509",2015-09-19,79.150002
"510",2015-09-20,79.150002
"511",2015-09-21,80.099998
"512",2015-09-22,80.68
"513",2015-09-23,82.610001
"514",2015-09-24,78.470001
"515",2015-09-25,78.470001
"516",2015-09-26,78.470001
"517",2015-09-27,78.470001
"518",2015-09-28,79
"519",2015-09-29,78.199997
"520",2015-09-30,78
"521",2015-10-01,78.639999
"522",2015-10-02,78.599998
"523",2015-10-03,78.599998
"524",2015-10-04,78.599998
"525",2015-10-05,79.400002
"526",2015-10-06,77.5
"527",2015-10-07,79
"528",2015-10-08,78.5
"529",2015-10-09,78
"530",2015-10-10,78
"531",2015-10-11,78
"532",2015-10-12,78
"533",2015-10-13,79.559998
"534",2015-10-14,78.349998
"535",2015-10-15,80.209999
"536",2015-10-16,80.650002
"537",2015-10-17,80.650002
"538",2015-10-18,80.650002
"539",2015-10-19,81
"540",2015-10-20,80
"541",2015-10-21,82
"542",2015-10-22,82.199997
"543",2015-10-23,82.800003
"544",2015-10-24,82.800003
"545",2015-10-25,82.800003
"546",2015-10-26,83.199997
"547",2015-10-27,82.629997
"548",2015-10-28,83.5
"549",2015-10-29,82.480003
"550",2015-10-30,82.400002
"551",2015-10-31,82.400002
"552",2015-11-01,82.400002
"553",2015-11-02,82.400002
"554",2015-11-03,81.699997
"555",2015-11-04,81.849998
"556",2015-11-05,81.199997
"557",2015-11-06,80.919998
"558",2015-11-07,80.919998
"559",2015-11-08,80.919998
"560",2015-11-09,80.769997
"561",2015-11-10,80.629997
"562",2015-11-11,80.419998
"563",2015-11-12,79.629997
"564",2015-11-13,80.010002
"565",2015-11-14,80.010002
"566",2015-11-15,80.010002
"567",2015-11-16,80
"568",2015-11-17,80.699997
"569",2015-11-18,80.410004
"570",2015-11-19,79.800003
"571",2015-11-20,79.800003
"572",2015-11-21,79.800003
"573",2015-11-22,79.800003
"574",2015-11-23,80
"575",2015-11-24,79.480003
"576",2015-11-25,80.650002
"577",2015-11-26,80.690002
"578",2015-11-27,81.400002
"579",2015-11-28,81.400002
"580",2015-11-29,81.400002
"581",2015-11-30,83.440002
"582",2015-12-01,82.889999
"583",2015-12-02,82.160004
"584",2015-12-03,79.050003
"585",2015-12-04,80.339996
"586",2015-12-05,80.339996
"587",2015-12-06,80.339996
"588",2015-12-07,80
"589",2015-12-08,81
"590",2015-12-09,79
"591",2015-12-10,80.290001
"592",2015-12-11,80.489998
"593",2015-12-12,80.489998
"594",2015-12-13,80.489998
"595",2015-12-14,80.269997
"596",2015-12-15,81.75
"597",2015-12-16,83.129997
"598",2015-12-17,82.230003
"599",2015-12-18,81.970001
"600",2015-12-19,81.970001
"601",2015-12-20,81.970001
"602",2015-12-21,83.07
"603",2015-12-22,83.650002
"604",2015-12-23,83.650002
"605",2015-12-24,83.650002
"606",2015-12-25,83.650002
"607",2015-12-26,83.650002
"608",2015-12-27,83.650002
"609",2015-12-28,81.5
"610",2015-12-29,82.540001
"611",2015-12-30,83.800003
"612",2015-12-31,83.800003
"613",2016-01-01,83.800003
"614",2016-01-02,83.800003
"615",2016-01-03,83.800003
"616",2016-01-04,83.110001
"617",2016-01-05,83
"618",2016-01-06,82.099998
"619",2016-01-07,81
"620",2016-01-08,80
"621",2016-01-09,80
"622",2016-01-10,80
"623",2016-01-11,79.400002
"624",2016-01-12,79.919998
"625",2016-01-13,78.660004
"626",2016-01-14,79.290001
"627",2016-01-15,78
"628",2016-01-16,78
"629",2016-01-17,78
"630",2016-01-18,78.900002
"631",2016-01-19,78.5
"632",2016-01-20,77.5
"633",2016-01-21,79.660004
"634",2016-01-22,80.150002
"635",2016-01-23,80.150002
"636",2016-01-24,80.150002
"637",2016-01-25,80.150002
"638",2016-01-26,79.029999
"639",2016-01-27,78.529999
"640",2016-01-28,79.209999
"641",2016-01-29,79.239998
"642",2016-01-30,79.239998
"643",2016-01-31,79.239998
"644",2016-02-01,79.230003
"645",2016-02-02,77.900002
"646",2016-02-03,76.099998
"647",2016-02-04,76.080002
"648",2016-02-05,75.169998
"649",2016-02-06,75.169998
"650",2016-02-07,75.169998
"651",2016-02-08,75.169998
"652",2016-02-09,75.169998
"653",2016-02-10,75.330002
"654",2016-02-11,75
"655",2016-02-12,76.650002
"656",2016-02-13,76.650002
"657",2016-02-14,76.650002
"658",2016-02-15,78.199997
"659",2016-02-16,79.25
"660",2016-02-17,79
"661",2016-02-18,80
"662",2016-02-19,79.220001
"663",2016-02-20,79.220001
"664",2016-02-21,79.220001
"665",2016-02-22,79
"666",2016-02-23,78.169998
"667",2016-02-24,78.580002
"668",2016-02-25,79.519997
"669",2016-02-26,80.32
"670",2016-02-27,80.32
"671",2016-02-28,80.32
"672",2016-02-29,80.019997
"673",2016-03-01,79.980003
"674",2016-03-02,79.650002
"675",2016-03-03,77.889999
"676",2016-03-04,77.419998
"677",2016-03-05,77.419998
"678",2016-03-06,77.419998
"679",2016-03-07,78.029999
"680",2016-03-08,76.830002
"681",2016-03-09,75.489998
"682",2016-03-10,74.199997
"683",2016-03-11,74.599998
"684",2016-03-12,74.599998
"685",2016-03-13,74.599998
"686",2016-03-14,75.970001
"687",2016-03-15,78.099998
"688",2016-03-16,78.260002
"689",2016-03-17,76.730003
"690",2016-03-18,75.669998
"691",2016-03-19,75.669998
"692",2016-03-20,75.669998
"693",2016-03-21,76.519997
"694",2016-03-22,76.010002
"695",2016-03-23,76.540001
"696",2016-03-24,77.080002
"697",2016-03-25,77.080002
"698",2016-03-26,77.080002
"699",2016-03-27,77.080002
"700",2016-03-28,76.099998
"701",2016-03-29,76.949997
"702",2016-03-30,76.809998
"703",2016-03-31,76.150002
"704",2016-04-01,75.970001
"705",2016-04-02,75.970001
"706",2016-04-03,75.970001
"707",2016-04-04,76.879997
"708",2016-04-05,77.389999
"709",2016-04-06,77.510002
"710",2016-04-07,77.449997
"711",2016-04-08,75.809998
"712",2016-04-09,75.809998
"713",2016-04-10,75.809998
"714",2016-04-11,73.919998
"715",2016-04-12,74.139999
"716",2016-04-13,77
"717",2016-04-14,74.639999
"718",2016-04-15,73.019997
"719",2016-04-16,73.019997
"720",2016-04-17,73.019997
"721",2016-04-18,79.379997
"722",2016-04-19,76.269997
"723",2016-04-20,76.379997
"724",2016-04-21,76.379997
"725",2016-04-22,76.75
"726",2016-04-23,76.75
"727",2016-04-24,76.75
"728",2016-04-25,76.230003
"729",2016-04-26,75.849998
"730",2016-04-27,76.019997
"731",2016-04-28,74.629997
"732",2016-04-29,73.07
"733",2016-04-30,73.07
"734",2016-05-01,73.07
"735",2016-05-02,74.889999
"736",2016-05-03,75.739998
"737",2016-05-04,74.849998
"738",2016-05-05,74.75
"739",2016-05-06,74.25
"740",2016-05-07,74.25
"741",2016-05-08,74.25
"742",2016-05-09,74.519997
"743",2016-05-10,73.349998
"744",2016-05-11,73.32
"745",2016-05-12,74
"746",2016-05-13,74.309998
"747",2016-05-14,74.309998
"748",2016-05-15,74.309998
"749",2016-05-16,74.620003
"750",2016-05-17,73.660004
"751",2016-05-18,75.209999
"752",2016-05-19,74.970001
"753",2016-05-20,74.519997
"754",2016-05-21,74.519997
"755",2016-05-22,74.519997
"756",2016-05-23,75.489998
"757",2016-05-24,76.599998
"758",2016-05-25,77.43
"759",2016-05-26,77.43
"760",2016-05-27,78.199997
"761",2016-05-28,78.199997
"762",2016-05-29,78.199997
"763",2016-05-30,78.5
"764",2016-05-31,78.150002
"765",2016-06-01,77.769997
"766",2016-06-02,77.809998
"767",2016-06-03,76.379997
"768",2016-06-04,76.379997
"769",2016-06-05,76.379997
"770",2016-06-06,76.019997
"771",2016-06-07,75.150002
"772",2016-06-08,73.75
"773",2016-06-09,74.190002
"774",2016-06-10,74.230003
"775",2016-06-11,74.230003
"776",2016-06-12,74.230003
"777",2016-06-13,74.739998
"778",2016-06-14,74.599998
"779",2016-06-15,74.209999
"780",2016-06-16,74.489998
"781",2016-06-17,73.160004
"782",2016-06-18,73.160004
"783",2016-06-19,73.160004
"784",2016-06-20,73.239998
"785",2016-06-21,73.43
"786",2016-06-22,72.739998
"787",2016-06-23,72.839996
"788",2016-06-24,70.870003
"789",2016-06-25,70.870003
"790",2016-06-26,70.870003
"791",2016-06-27,69.93
"792",2016-06-28,69.410004
"793",2016-06-29,69.160004
"794",2016-06-30,69.480003
"795",2016-07-01,70.07
"796",2016-07-02,70.07
"797",2016-07-03,70.07
"798",2016-07-04,69.650002
"799",2016-07-05,71.120003
"800",2016-07-06,72.199997
"801",2016-07-07,72.75
"802",2016-07-08,72.470001
"803",2016-07-09,72.470001
"804",2016-07-10,72.470001
"805",2016-07-11,73.019997
"806",2016-07-12,73.150002
"807",2016-07-13,72.650002
"808",2016-07-14,72.790001
"809",2016-07-15,73
"810",2016-07-16,73
"811",2016-07-17,73
"812",2016-07-18,72.699997
"813",2016-07-19,72.709999
"814",2016-07-20,72.870003
"815",2016-07-21,73.349998
"816",2016-07-22,73.150002
"817",2016-07-23,73.150002
"818",2016-07-24,73.150002
"819",2016-07-25,73.57
"820",2016-07-26,73.25
"821",2016-07-27,73.129997
"822",2016-07-28,73.93
"823",2016-07-29,72.75
"824",2016-07-30,72.75
"825",2016-07-31,72.75
"826",2016-08-01,73.199997
"827",2016-08-02,72.699997
"828",2016-08-03,72.370003
"829",2016-08-04,71.379997
"830",2016-08-05,71.379997
"831",2016-08-06,71.379997
"832",2016-08-07,71.379997
"833",2016-08-08,71.25
"834",2016-08-09,70.900002
"835",2016-08-10,70.300003
"836",2016-08-11,70.900002
"837",2016-08-12,71.839996
"838",2016-08-13,71.839996
"839",2016-08-14,71.839996
"840",2016-08-15,72.239998
"841",2016-08-16,71.879997
"842",2016-08-17,72.279999
"843",2016-08-18,73.120003
"844",2016-08-19,72.339996
"845",2016-08-20,72.339996
"846",2016-08-21,72.339996
"847",2016-08-22,72.290001
"848",2016-08-23,73.029999
"849",2016-08-24,72.559998
"850",2016-08-25,72.470001
"851",2016-08-26,73.290001
"852",2016-08-27,73.290001
"853",2016-08-28,73.290001
"854",2016-08-29,72.989998
"855",2016-08-30,72.889999
"856",2016-08-31,72.550003
"857",2016-09-01,72.93
"858",2016-09-02,73.209999
"859",2016-09-03,73.209999
"860",2016-09-04,73.209999
"861",2016-09-05,73.220001
"862",2016-09-06,72.57
"863",2016-09-07,72.57
"864",2016-09-08,72.660004
"865",2016-09-09,72.330002
"866",2016-09-10,72.330002
"867",2016-09-11,72.330002
"868",2016-09-12,72.529999
"869",2016-09-13,73.110001
"870",2016-09-14,73.620003
"871",2016-09-15,73.519997
"872",2016-09-16,72.330002
"873",2016-09-17,72.330002
"874",2016-09-18,72.330002
"875",2016-09-19,72.68
"876",2016-09-20,72.190002
"877",2016-09-21,71.779999
"878",2016-09-22,72.660004
"879",2016-09-23,72.629997
"880",2016-09-24,72.629997
"881",2016-09-25,72.629997
"882",2016-09-26,72.080002
"883",2016-09-27,72.209999
"884",2016-09-28,72.379997
"885",2016-09-29,72.43
"886",2016-09-30,72.669998
"887",2016-10-01,72.669998
"888",2016-10-02,72.669998
"889",2016-10-03,71.379997
"890",2016-10-04,72.199997
"891",2016-10-05,71.68
"892",2016-10-06,71.93
"893",2016-10-07,71.599998
"894",2016-10-08,71.599998
"895",2016-10-09,71.599998
"896",2016-10-10,71.639999
"897",2016-10-11,70.599998
"898",2016-10-12,70.599998
"899",2016-10-13,70.099998
"900",2016-10-14,70.610001
"901",2016-10-15,70.610001
"902",2016-10-16,70.610001
"903",2016-10-17,70.410004
"904",2016-10-18,70.489998
"905",2016-10-19,70.150002
"906",2016-10-20,69.599998
"907",2016-10-21,69.800003
"908",2016-10-22,69.800003
"909",2016-10-23,69.800003
"910",2016-10-24,69.43
"911",2016-10-25,68.949997
"912",2016-10-26,69.43
"913",2016-10-27,69.800003
"914",2016-10-28,70.370003
"915",2016-10-29,70.370003
"916",2016-10-30,70.370003
"917",2016-10-31,70.300003
"918",2016-11-01,70.529999
"919",2016-11-02,70.529999
"920",2016-11-03,70.019997
"921",2016-11-04,69.849998
"922",2016-11-05,69.849998
"923",2016-11-06,69.849998
"924",2016-11-07,70.5
"925",2016-11-08,70.080002
"926",2016-11-09,72.25
"927",2016-11-10,76.25
"928",2016-11-11,75.860001
"929",2016-11-12,75.860001
"930",2016-11-13,75.860001
"931",2016-11-14,76.800003
"932",2016-11-15,76.800003
"933",2016-11-16,77.199997
"934",2016-11-17,77.349998
"935",2016-11-18,76.400002
"936",2016-11-19,76.400002
"937",2016-11-20,76.400002
"938",2016-11-21,76.220001
"939",2016-11-22,76.519997
"940",2016-11-23,77.300003
"941",2016-11-24,77.300003
"942",2016-11-25,78.07
"943",2016-11-26,78.07
"944",2016-11-27,78.07
"945",2016-11-28,77.529999
"946",2016-11-29,77.839996
"947",2016-11-30,77.360001
"948",2016-12-01,78.739998
"949",2016-12-02,79.07
"950",2016-12-03,79.07
"951",2016-12-04,79.07
"952",2016-12-05,78.300003
"953",2016-12-06,78.279999
"954",2016-12-07,78.720001
"955",2016-12-08,78.699997
"956",2016-12-09,79.18
"957",2016-12-10,79.18
"958",2016-12-11,79.18
"959",2016-12-12,78.199997
"960",2016-12-13,78.75
"961",2016-12-14,79.230003
"962",2016-12-15,79.150002
"963",2016-12-16,79.5
"964",2016-12-17,79.5
"965",2016-12-18,79.5
"966",2016-12-19,79.129997
"967",2016-12-20,78.980003
"968",2016-12-21,78.050003
"969",2016-12-22,77.050003
"970",2016-12-23,76.709999
"971",2016-12-24,76.709999
"972",2016-12-25,76.709999
"973",2016-12-26,78.199997
"974",2016-12-27,77.010002
"975",2016-12-28,76.410004
"976",2016-12-29,75.959999
"977",2016-12-30,75.959999
"978",2016-12-31,75.959999
"979",2017-01-01,75.959999
"980",2017-01-02,78.639999
"981",2017-01-03,76.25
"982",2017-01-04,75.940002
"983",2017-01-05,75.260002
"984",2017-01-06,76.300003
"985",2017-01-07,76.300003
"986",2017-01-08,76.300003
"987",2017-01-09,75.440002
"988",2017-01-10,75.239998
"989",2017-01-11,75.290001
"990",2017-01-12,75.099998
"991",2017-01-13,75.839996
"992",2017-01-14,75.839996
"993",2017-01-15,75.839996
"994",2017-01-16,76.93
"995",2017-01-17,75.510002
"996",2017-01-18,75.809998
"997",2017-01-19,75.25
"998",2017-01-20,74.800003
"999",2017-01-21,74.800003
"1000",2017-01-22,74.800003
"1001",2017-01-23,74.330002
"1002",2017-01-24,75.029999
"1003",2017-01-25,75.029999
"1004",2017-01-26,75.800003
"1005",2017-01-27,74.809998
"1006",2017-01-28,74.809998
"1007",2017-01-29,74.809998
"1008",2017-01-30,73.919998
"1009",2017-01-31,74.360001
"1010",2017-02-01,74.040001
"1011",2017-02-02,73.830002
"1012",2017-02-03,74.440002
"1013",2017-02-04,74.440002
"1014",2017-02-05,74.440002
"1015",2017-02-06,74.230003
"1016",2017-02-07,74.370003
"1017",2017-02-08,74.309998
"1018",2017-02-09,75.110001
"1019",2017-02-10,74.900002
"1020",2017-02-11,74.900002
"1021",2017-02-12,74.900002
"1022",2017-02-13,75.209999
"1023",2017-02-14,74.82
"1024",2017-02-15,74.68
"1025",2017-02-16,75.269997
"1026",2017-02-17,75.5
"1027",2017-02-18,75.5
"1028",2017-02-19,75.5
"1029",2017-02-20,75.989998
"1030",2017-02-21,76.25
"1031",2017-02-22,75.279999
"1032",2017-02-23,75.199997
"1033",2017-02-24,76.449997
"1034",2017-02-25,76.449997
"1035",2017-02-26,76.449997
"1036",2017-02-27,76.449997
"1037",2017-02-28,76.449997
"1038",2017-03-01,77.150002
"1039",2017-03-02,78.190002
"1040",2017-03-03,77.400002
"1041",2017-03-04,77.400002
"1042",2017-03-05,77.400002
"1043",2017-03-06,77.690002
"1044",2017-03-07,76.699997
"1045",2017-03-08,78.040001
"1046",2017-03-09,78.760002
"1047",2017-03-10,77.650002
"1048",2017-03-11,77.650002
"1049",2017-03-12,77.650002
"1050",2017-03-13,77.830002
"1051",2017-03-14,78.160004
"1052",2017-03-15,77.400002
"1053",2017-03-16,77.300003
"1054",2017-03-17,76.949997
"1055",2017-03-18,76.949997
"1056",2017-03-19,76.949997
"1057",2017-03-20,76
"1058",2017-03-21,75.400002
"1059",2017-03-22,75.830002
"1060",2017-03-23,76.599998
"1061",2017-03-24,76.400002
"1062",2017-03-25,76.400002
"1063",2017-03-26,76.400002
"1064",2017-03-27,76.199997
"1065",2017-03-28,77.099998
"1066",2017-03-29,76.599998
"1067",2017-03-30,77.400002
"1068",2017-03-31,76.5
"1069",2017-04-01,76.5
"1070",2017-04-02,76.5
"1071",2017-04-03,76.459999
"1072",2017-04-04,76.089996
"1073",2017-04-05,76.300003
"1074",2017-04-06,77.150002
"1075",2017-04-07,77.290001
"1076",2017-04-08,77.290001
"1077",2017-04-09,77.290001
"1078",2017-04-10,77.089996
"1079",2017-04-11,77
"1080",2017-04-12,76.599998
"1081",2017-04-13,76.360001
"1082",2017-04-14,76.360001
"1083",2017-04-15,76.360001
"1084",2017-04-16,76.360001
"1085",2017-04-17,75.970001
"1086",2017-04-18,76.050003
"1087",2017-04-19,76.720001
"1088",2017-04-20,77.349998
"1089",2017-04-21,77.349998
"1090",2017-04-22,77.349998
"1091",2017-04-23,77.349998
"1092",2017-04-24,77.400002
"1093",2017-04-25,78.43
"1094",2017-04-26,78.830002
"1095",2017-04-27,79.220001
"1096",2017-04-28,78.900002
"1097",2017-04-29,78.900002
"1098",2017-04-30,78.900002
"1099",2017-05-01,78.900002
"1100",2017-05-02,78.43
"1101",2017-05-03,78.610001
"1102",2017-05-04,79.300003
"1103",2017-05-05,79.290001
"1104",2017-05-06,79.290001
"1105",2017-05-07,79.290001
"1106",2017-05-08,79.75
"1107",2017-05-09,79.589996
"1108",2017-05-10,79.080002
"1109",2017-05-11,78.559998
"1110",2017-05-12,77.809998
"1111",2017-05-13,77.809998
"1112",2017-05-14,77.809998
"1113",2017-05-15,77.82
"1114",2017-05-16,77.550003
"1115",2017-05-17,76.900002
"1116",2017-05-18,83.5
"1117",2017-05-19,80.699997
"1118",2017-05-20,80.699997
"1119",2017-05-21,80.699997
"1120",2017-05-22,81.510002
"1121",2017-05-23,81.650002
"1122",2017-05-24,82.419998
"1123",2017-05-25,82.440002
"1124",2017-05-26,82.360001
"1125",2017-05-27,82.360001
"1126",2017-05-28,82.360001
"1127",2017-05-29,84
"1128",2017-05-30,82.110001
"1129",2017-05-31,81.360001
"1130",2017-06-01,82.25
"1131",2017-06-02,82.669998
"1132",2017-06-03,82.669998
"1133",2017-06-04,82.669998
"1134",2017-06-05,83.650002
"1135",2017-06-06,83.129997
"1136",2017-06-07,83.110001
"1137",2017-06-08,82.849998
"1138",2017-06-09,83.449997
"1139",2017-06-10,83.449997
"1140",2017-06-11,83.449997
"1141",2017-06-12,83.910004
"1142",2017-06-13,84.220001
"1143",2017-06-14,83.510002
"1144",2017-06-15,83.510002
"1145",2017-06-16,83.589996
"1146",2017-06-17,83.589996
"1147",2017-06-18,83.589996
"1148",2017-06-19,84.300003
"1149",2017-06-20,84.849998
"1150",2017-06-21,84.830002
"1151",2017-06-22,84.900002
"1152",2017-06-23,84.949997
"1153",2017-06-24,84.949997
"1154",2017-06-25,84.949997
"1155",2017-06-26,84
"1156",2017-06-27,83.699997
"1157",2017-06-28,83.669998
"1158",2017-06-29,83.470001
"1159",2017-06-30,83.900002
"1160",2017-07-01,83.900002
"1161",2017-07-02,83.900002
"1162",2017-07-03,85
"1163",2017-07-04,86.489998
"1164",2017-07-05,83.610001
"1165",2017-07-06,83.059998
"1166",2017-07-07,83.150002
"1167",2017-07-08,83.150002
"1168",2017-07-09,83.150002
"1169",2017-07-10,82.550003
"1170",2017-07-11,82.290001
"1171",2017-07-12,81.93
"1172",2017-07-13,81.900002
"1173",2017-07-14,81.660004
"1174",2017-07-15,81.660004
"1175",2017-07-16,81.660004
"1176",2017-07-17,81.75
"1177",2017-07-18,81.099998
"1178",2017-07-19,81.360001
"1179",2017-07-20,80.940002
"1180",2017-07-21,81.139999
"1181",2017-07-22,81.139999
"1182",2017-07-23,81.139999
"1183",2017-07-24,81.300003
"1184",2017-07-25,81.889999
"1185",2017-07-26,81.400002
"1186",2017-07-27,81.400002
"1187",2017-07-28,80.959999
"1188",2017-07-29,80.959999
"1189",2017-07-30,80.959999
"1190",2017-07-31,80.550003
"1191",2017-08-01,80.860001
"1192",2017-08-02,80.769997
"1193",2017-08-03,80.5
"1194",2017-08-04,80.940002
"1195",2017-08-05,80.940002
"1196",2017-08-06,80.940002
"1197",2017-08-07,80.919998
"1198",2017-08-08,80.980003
"1199",2017-08-09,81.529999
"1200",2017-08-10,80.949997
"1201",2017-08-11,81.099998
"1202",2017-08-12,81.099998
"1203",2017-08-13,81.099998
"1204",2017-08-14,82.239998
"1205",2017-08-15,81.849998
"1206",2017-08-16,81.269997
"1207",2017-08-17,80.809998
"1208",2017-08-18,79.800003
"1209",2017-08-19,79.800003
"1210",2017-08-20,79.800003
"1211",2017-08-21,80.519997
"1212",2017-08-22,81.379997
"1213",2017-08-23,80.300003
"1214",2017-08-24,80.400002
"1215",2017-08-25,80.739998
"1216",2017-08-26,80.739998
"1217",2017-08-27,80.739998
"1218",2017-08-28,80.900002
"1219",2017-08-29,81.080002
"1220",2017-08-30,81.349998
"1221",2017-08-31,81.349998
"1222",2017-09-01,81.589996
"1223",2017-09-02,81.589996
"1224",2017-09-03,81.589996
"1225",2017-09-04,81.650002
"1226",2017-09-05,80.220001
"1227",2017-09-06,80.25
"1228",2017-09-07,80.25
"1229",2017-09-08,79.870003
"1230",2017-09-09,79.870003
"1231",2017-09-10,79.870003
"1232",2017-09-11,80.830002
"1233",2017-09-12,81.830002
"1234",2017-09-13,81.93
"1235",2017-09-14,81.400002
"1236",2017-09-15,81.550003
"1237",2017-09-16,81.550003
"1238",2017-09-17,81.550003
"1239",2017-09-18,82.18
"1240",2017-09-19,82.239998
"1241",2017-09-20,82.169998
"1242",2017-09-21,82.209999
"1243",2017-09-22,81.860001
"1244",2017-09-23,81.860001
"1245",2017-09-24,81.860001
"1246",2017-09-25,82.459999
"1247",2017-09-26,82.68
"1248",2017-09-27,83.75
"1249",2017-09-28,83.5
"1250",2017-09-29,83.449997
"1251",2017-09-30,83.449997
"1252",2017-10-01,83.449997
"1253",2017-10-02,83.529999
"1254",2017-10-03,83.360001
"1255",2017-10-04,83.059998
"1256",2017-10-05,84.089996
"1257",2017-10-06,84.099998
"1258",2017-10-07,84.099998
"1259",2017-10-08,84.099998
"1260",2017-10-09,84.790001
"1261",2017-10-10,84.879997
"1262",2017-10-11,84.690002
"1263",2017-10-12,84.690002
"1264",2017-10-13,84.099998
"1265",2017-10-14,84.099998
"1266",2017-10-15,84.099998
"1267",2017-10-16,84.809998
"1268",2017-10-17,84.599998
"1269",2017-10-18,85.059998
"1270",2017-10-19,84.949997
"1271",2017-10-20,86.019997
"1272",2017-10-21,86.019997
"1273",2017-10-22,86.019997
"1274",2017-10-23,86.75
"1275",2017-10-24,87.25
"1276",2017-10-25,86.510002
"1277",2017-10-26,88.260002
"1278",2017-10-27,87.330002
"1279",2017-10-28,87.330002
"1280",2017-10-29,87.330002
"1281",2017-10-30,88.25
"1282",2017-10-31,88.059998
"1283",2017-11-01,88.099998
"1284",2017-11-02,88.099998
"1285",2017-11-03,89.650002
"1286",2017-11-04,89.650002
"1287",2017-11-05,89.650002
"1288",2017-11-06,88.349998
"1289",2017-11-07,88.800003
"1290",2017-11-08,88.379997
"1291",2017-11-09,87.800003
"1292",2017-11-10,88.949997
"1293",2017-11-11,88.949997
"1294",2017-11-12,88.949997
"1295",2017-11-13,88.650002
"1296",2017-11-14,89.550003
"1297",2017-11-15,89.550003
"1298",2017-11-16,88.949997
"1299",2017-11-17,88.349998
"1300",2017-11-18,88.349998
"1301",2017-11-19,88.349998
"1302",2017-11-20,88.349998
"1303",2017-11-21,88.730003
"1304",2017-11-22,87.889999
"1305",2017-11-23,88.93
"1306",2017-11-24,88
"1307",2017-11-25,88
"1308",2017-11-26,88
"1309",2017-11-27,88.099998
"1310",2017-11-28,88.489998
"1311",2017-11-29,89
"1312",2017-11-30,90.5
"1313",2017-12-01,90.110001
"1314",2017-12-02,90.110001
"1315",2017-12-03,90.110001
"1316",2017-12-04,90.150002
"1317",2017-12-05,89.599998
"1318",2017-12-06,89.449997
"1319",2017-12-07,91.110001
"1320",2017-12-08,91.470001
"1321",2017-12-09,91.470001
"1322",2017-12-10,91.470001
"1323",2017-12-11,92.120003
"1324",2017-12-12,92.849998
"1325",2017-12-13,92.989998
"1326",2017-12-14,93.019997
"1327",2017-12-15,92.949997
"1328",2017-12-16,92.949997
"1329",2017-12-17,92.949997
"1330",2017-12-18,93.050003
"1331",2017-12-19,92.550003
"1332",2017-12-20,92.660004
"1333",2017-12-21,93.269997
"1334",2017-12-22,93.949997
"1335",2017-12-23,93.949997
"1336",2017-12-24,93.949997
"1337",2017-12-25,93.949997
"1338",2017-12-26,93.050003
"1339",2017-12-27,93.279999
"1340",2017-12-28,93.550003
"1341",2017-12-29,93.550003
"1342",2017-12-30,93.550003
"1343",2017-12-31,93.550003
"1344",2018-01-01,93.550003
"1345",2018-01-02,92.120003
"1346",2018-01-03,92.099998
"1347",2018-01-04,92.419998
"1348",2018-01-05,92.800003
"1349",2018-01-06,92.800003
"1350",2018-01-07,92.800003
"1351",2018-01-08,93.360001
"1352",2018-01-09,93.949997
"1353",2018-01-10,93.279999
"1354",2018-01-11,93.25
"1355",2018-01-12,93.699997
"1356",2018-01-13,93.699997
"1357",2018-01-14,93.699997
"1358",2018-01-15,95.110001
"1359",2018-01-16,94.089996
"1360",2018-01-17,94.949997
"1361",2018-01-18,94.5
"1362",2018-01-19,94.18
"1363",2018-01-20,94.18
"1364",2018-01-21,94.18
"1365",2018-01-22,95
"1366",2018-01-23,96.519997
"1367",2018-01-24,93.800003
"1368",2018-01-25,93.800003
"1369",2018-01-26,94.690002
"1370",2018-01-27,94.690002
"1371",2018-01-28,94.690002
"1372",2018-01-29,94.830002
"1373",2018-01-30,94.269997
"1374",2018-01-31,94.300003
"1375",2018-02-01,93.910004
"1376",2018-02-02,93.650002
"1377",2018-02-03,93.650002
"1378",2018-02-04,93.650002
"1379",2018-02-05,93.650002
"1380",2018-02-06,91.5
"1381",2018-02-07,92.599998
"1382",2018-02-08,90.610001
"1383",2018-02-09,89.300003
"1384",2018-02-10,89.300003
"1385",2018-02-11,89.300003
"1386",2018-02-12,89.300003
"1387",2018-02-13,89.300003
"1388",2018-02-14,91.300003
"1389",2018-02-15,92.599998
"1390",2018-02-16,92.949997
"1391",2018-02-17,92.949997
"1392",2018-02-18,92.949997
"1393",2018-02-19,93
"1394",2018-02-20,92.800003
"1395",2018-02-21,92.669998
"1396",2018-02-22,92.400002
"1397",2018-02-23,93.449997
"1398",2018-02-24,93.449997
"1399",2018-02-25,93.449997
"1400",2018-02-26,94.199997
"1401",2018-02-27,93.699997
"1402",2018-02-28,92.599998
"1403",2018-03-01,92.599998
"1404",2018-03-02,92.599998
"1405",2018-03-03,92.599998
"1406",2018-03-04,92.599998
"1407",2018-03-05,92.599998
"1408",2018-03-06,92.190002
"1409",2018-03-07,92.970001
"1410",2018-03-08,94
"1411",2018-03-09,95.349998
"1412",2018-03-10,95.349998
"1413",2018-03-11,95.349998
"1414",2018-03-12,95.339996
"1415",2018-03-13,94.870003
"1416",2018-03-14,94.349998
"1417",2018-03-15,95.150002
"1418",2018-03-16,94.790001
"1419",2018-03-17,94.790001
"1420",2018-03-18,94.790001
"1421",2018-03-19,93.839996
"1422",2018-03-20,94.669998
"1423",2018-03-21,93.449997
"1424",2018-03-22,91.75
"1425",2018-03-23,89.879997
"1426",2018-03-24,89.879997
"1427",2018-03-25,89.879997
"1428",2018-03-26,92.25
"1429",2018-03-27,91.279999
"1430",2018-03-28,91.099998
"1431",2018-03-29,91.660004
"1432",2018-03-30,91.660004
"1433",2018-03-31,91.660004
"1434",2018-04-01,91.660004
"1435",2018-04-02,89.959999
"1436",2018-04-03,91.599998
"1437",2018-04-04,92.75
"1438",2018-04-05,93.5
"1439",2018-04-06,92
"1440",2018-04-07,92
"1441",2018-04-08,92
"1442",2018-04-09,93.940002
"1443",2018-04-10,95.300003
"1444",2018-04-11,94.089996
"1445",2018-04-12,95.480003
"1446",2018-04-13,95.699997
"1447",2018-04-14,95.699997
"1448",2018-04-15,95.699997
"1449",2018-04-16,96.120003
"1450",2018-04-17,97.139999
"1451",2018-04-18,96.349998
"1452",2018-04-19,96
"1453",2018-04-20,95.900002
"1454",2018-04-21,95.900002
"1455",2018-04-22,95.900002
"1456",2018-04-23,96.889999
"1457",2018-04-24,96.120003
"1458",2018-04-25,96.82
"1459",2018-04-26,97.550003
"1460",2018-04-27,97.199997
"1461",2018-04-28,97.199997
"1462",2018-04-29,97.199997
"1463",2018-04-30,97.599998
"1464",2018-05-01,97.599998
"1465",2018-05-02,98.5
"1466",2018-05-03,97.449997
"1467",2018-05-04,98.650002
"1468",2018-05-05,98.650002
"1469",2018-05-06,98.650002
"1470",2018-05-07,99.889999
"1471",2018-05-08,100.43
"1472",2018-05-09,102.099998
"1473",2018-05-10,101.720001
"1474",2018-05-11,103.5
"1475",2018-05-12,103.5
"1476",2018-05-13,103.5
"1477",2018-05-14,104.199997
"1478",2018-05-15,104.639999
"1479",2018-05-16,105.5
"1480",2018-05-17,106.150002
"1481",2018-05-18,106.849998
"1482",2018-05-19,106.849998
"1483",2018-05-20,106.849998
"1484",2018-05-21,106.099998
"1485",2018-05-22,104.550003
"1486",2018-05-23,104.300003
"1487",2018-05-24,104.860001
"1488",2018-05-25,105.199997
"1489",2018-05-26,105.199997
"1490",2018-05-27,105.199997
"1491",2018-05-28,107.25
"1492",2018-05-29,107.32
"1493",2018-05-30,107.370003
"1494",2018-05-31,107.370003
"1495",2018-06-01,108.699997
"1496",2018-06-02,108.699997
"1497",2018-06-03,108.699997
"1498",2018-06-04,108.389999
"1499",2018-06-05,110.309998
"1500",2018-06-06,113.25
"1501",2018-06-07,114.599998
"1502",2018-06-08,108.720001
"1503",2018-06-09,108.720001
"1504",2018-06-10,108.720001
"1505",2018-06-11,109.110001
"1506",2018-06-12,109
"1507",2018-06-13,108.809998
"1508",2018-06-14,112.050003
"1509",2018-06-15,109.349998
"1510",2018-06-16,109.349998
"1511",2018-06-17,109.349998
"1512",2018-06-18,110.220001
"1513",2018-06-19,109.199997
"1514",2018-06-20,110.599998
"1515",2018-06-21,109.220001
"1516",2018-06-22,110
"1517",2018-06-23,110
"1518",2018-06-24,110
"1519",2018-06-25,108.5
"1520",2018-06-26,109.029999
"1521",2018-06-27,110.199997
"1522",2018-06-28,110.540001
"1523",2018-06-29,111
"1524",2018-06-30,111
"1525",2018-07-01,111
"1526",2018-07-02,112.349998
"1527",2018-07-03,113.5
"1528",2018-07-04,112.040001
"1529",2018-07-05,113.550003
"1530",2018-07-06,112.699997
"1531",2018-07-07,112.699997
"1532",2018-07-08,112.699997
"1533",2018-07-09,112.699997
"1534",2018-07-10,111.849998
"1535",2018-07-11,113.300003
"1536",2018-07-12,114.709999
"1537",2018-07-13,113.699997
"1538",2018-07-14,113.699997
"1539",2018-07-15,113.699997
"1540",2018-07-16,114.199997
"1541",2018-07-17,114.019997
"1542",2018-07-18,114.150002
"1543",2018-07-19,113.650002
"1544",2018-07-20,111.849998
"1545",2018-07-21,111.849998
"1546",2018-07-22,111.849998
"1547",2018-07-23,111.75
"1548",2018-07-24,111.650002
"1549",2018-07-25,111.349998
"1550",2018-07-26,111.800003
"1551",2018-07-27,110.400002
"1552",2018-07-28,110.400002
"1553",2018-07-29,110.400002
"1554",2018-07-30,110.5
"1555",2018-07-31,111.580002
"1556",2018-08-01,111.75
"1557",2018-08-02,112.290001
"1558",2018-08-03,111.199997
"1559",2018-08-04,111.199997
"1560",2018-08-05,111.199997
"1561",2018-08-06,112
"1562",2018-08-07,113.400002
"1563",2018-08-08,113.449997
"1564",2018-08-09,114.699997
"1565",2018-08-10,115.400002
"1566",2018-08-11,115.400002
"1567",2018-08-12,115.400002
"1568",2018-08-13,115.800003
"1569",2018-08-14,115.800003
"1570",2018-08-15,115.949997
"1571",2018-08-16,117
"1572",2018-08-17,117.800003
"1573",2018-08-18,117.800003
"1574",2018-08-19,117.800003
"1575",2018-08-20,119.419998
"1576",2018-08-21,122.050003
"1577",2018-08-22,122.610001
"1578",2018-08-23,124.349998
"1579",2018-08-24,124.599998
"1580",2018-08-25,124.599998
"1581",2018-08-26,124.599998
"1582",2018-08-27,124.849998
"1583",2018-08-28,126.120003
"1584",2018-08-29,126.699997
"1585",2018-08-30,127.150002
"1586",2018-08-31,125.199997
"1587",2018-09-01,125.199997
"1588",2018-09-02,125.199997
"1589",2018-09-03,130
"1590",2018-09-04,127.160004
"1591",2018-09-05,126.349998
"1592",2018-09-06,124.800003
"1593",2018-09-07,124.800003
"1594",2018-09-08,124.800003
"1595",2018-09-09,124.800003
"1596",2018-09-10,124.75
"1597",2018-09-11,126.849998
"1598",2018-09-12,126.699997
"1599",2018-09-13,128.149994
"1600",2018-09-14,128.350006
"1601",2018-09-15,128.350006
"1602",2018-09-16,128.350006
"1603",2018-09-17,126.199997
"1604",2018-09-18,127.330002
"1605",2018-09-19,127.5
"1606",2018-09-20,126.449997
"1607",2018-09-21,125.550003
"1608",2018-09-22,125.550003
"1609",2018-09-23,125.550003
"1610",2018-09-24,126.349998
"1611",2018-09-25,125.510002
"1612",2018-09-26,123.699997
"1613",2018-09-27,122.849998
"1614",2018-09-28,124.099998
"1615",2018-09-29,124.099998
"1616",2018-09-30,124.099998
"1617",2018-10-01,124.160004
"1618",2018-10-02,121.400002
"1619",2018-10-03,120.199997
"1620",2018-10-04,119.540001
"1621",2018-10-05,117.720001
"1622",2018-10-06,117.720001
"1623",2018-10-07,117.720001
"1624",2018-10-08,115
"1625",2018-10-09,113.599998
"1626",2018-10-10,111
"1627",2018-10-11,109.120003
"1628",2018-10-12,109.120003
"1629",2018-10-13,109.120003
"1630",2018-10-14,109.120003
"1631",2018-10-15,109.099998
"1632",2018-10-16,110.75
"1633",2018-10-17,109.449997
"1634",2018-10-18,109.150002
"1635",2018-10-19,108.559998
"1636",2018-10-20,108.559998
"1637",2018-10-21,108.559998
"1638",2018-10-22,107.449997
"1639",2018-10-23,107.199997
"1640",2018-10-24,105.349998
"1641",2018-10-25,106.199997
"1642",2018-10-26,103
"1643",2018-10-27,103
"1644",2018-10-28,103
"1645",2018-10-29,104.050003
"1646",2018-10-30,104.900002
"1647",2018-10-31,106.949997
"1648",2018-11-01,107.190002
"1649",2018-11-02,107.190002
"1650",2018-11-03,107.190002
"1651",2018-11-04,107.190002
"1652",2018-11-05,108.400002
"1653",2018-11-06,109
"1654",2018-11-07,111.800003
"1655",2018-11-08,110.900002
"1656",2018-11-09,109.25
"1657",2018-11-10,109.25
"1658",2018-11-11,109.25
"1659",2018-11-12,109.300003
"1660",2018-11-13,110.199997
"1661",2018-11-14,109.080002
"1662",2018-11-15,109.080002
"1663",2018-11-16,108.519997
"1664",2018-11-17,108.519997
"1665",2018-11-18,108.519997
"1666",2018-11-19,107.75
"1667",2018-11-20,107.75
"1668",2018-11-21,107.099998
"1669",2018-11-22,107.300003
"1670",2018-11-23,106
"1671",2018-11-24,106
"1672",2018-11-25,106
"1673",2018-11-26,111.139999
"1674",2018-11-27,110.050003
"1675",2018-11-28,111.5
"1676",2018-11-29,112.489998
"1677",2018-11-30,112.900002
"1678",2018-12-01,112.900002
"1679",2018-12-02,112.900002
"1680",2018-12-03,113.419998
"1681",2018-12-04,110.900002
"1682",2018-12-05,112
"1683",2018-12-06,109.849998
"1684",2018-12-07,109.150002
"1685",2018-12-08,109.150002
"1686",2018-12-09,109.150002
"1687",2018-12-10,109.550003
"1688",2018-12-11,109.550003
"1689",2018-12-12,109.199997
"1690",2018-12-13,109.120003
"1691",2018-12-14,108.349998
"1692",2018-12-15,108.349998
"1693",2018-12-16,108.349998
"1694",2018-12-17,105.669998
"1695",2018-12-18,105.449997
"1696",2018-12-19,104.150002
"1697",2018-12-20,101
"1698",2018-12-21,100.650002
"1699",2018-12-22,100.650002
"1700",2018-12-23,100.650002
"1701",2018-12-24,100.650002
"1702",2018-12-25,100.650002
"1703",2018-12-26,100.5
"1704",2018-12-27,99.650002
"1705",2018-12-28,102.699997
"1706",2018-12-29,102.699997
"1707",2018-12-30,102.699997
"1708",2018-12-31,102.699997
"1709",2019-01-01,102.699997
"1710",2019-01-02,100.519997
"1711",2019-01-03,97.989998
"1712",2019-01-04,99.699997
"1713",2019-01-05,99.699997
"1714",2019-01-06,99.699997
"1715",2019-01-07,101.150002
"1716",2019-01-08,101.199997
"1717",2019-01-09,101.260002
"1718",2019-01-10,102.010002
"1719",2019-01-11,102
"1720",2019-01-12,102
"1721",2019-01-13,102
"1722",2019-01-14,101.800003
"1723",2019-01-15,103
"1724",2019-01-16,104.150002
"1725",2019-01-17,104.529999
"1726",2019-01-18,105.959999
"1727",2019-01-19,105.959999
"1728",2019-01-20,105.959999
"1729",2019-01-21,105.699997
"1730",2019-01-22,105.449997
"1731",2019-01-23,104.849998
"1732",2019-01-24,105.839996
"1733",2019-01-25,105.839996
"1734",2019-01-26,105.839996
"1735",2019-01-27,105.839996
"1736",2019-01-28,105.519997
"1737",2019-01-29,104.089996
"1738",2019-01-30,104.75
"1739",2019-01-31,104.519997
"1740",2019-02-01,104.900002
"1741",2019-02-02,104.900002
"1742",2019-02-03,104.900002
"1743",2019-02-04,105.68
"1744",2019-02-05,106.470001
"1745",2019-02-06,107.239998
"1746",2019-02-07,106.57
"1747",2019-02-08,106.800003
"1748",2019-02-09,106.800003
"1749",2019-02-10,106.800003
"1750",2019-02-11,107.900002
"1751",2019-02-12,108.589996
"1752",2019-02-13,110.089996
"1753",2019-02-14,108.919998
"1754",2019-02-15,108.900002
"1755",2019-02-16,108.900002
"1756",2019-02-17,108.900002
"1757",2019-02-18,108.900002
"1758",2019-02-19,109.739998
"1759",2019-02-20,110.25
"1760",2019-02-21,110.25
"1761",2019-02-22,110.25
"1762",2019-02-23,110.25
"1763",2019-02-24,110.25
"1764",2019-02-25,111.419998
"1765",2019-02-26,111.449997
"1766",2019-02-27,110.790001
"1767",2019-02-28,110.790001
"1768",2019-03-01,110.790001
"1769",2019-03-02,110.790001
"1770",2019-03-03,110.790001
"1771",2019-03-04,110.790001
"1772",2019-03-05,110.790001
"1773",2019-03-06,112.849998
"1774",2019-03-07,112.849998
"1775",2019-03-08,112.879997
"1776",2019-03-09,112.879997
"1777",2019-03-10,112.879997
"1778",2019-03-11,112.879997
"1779",2019-03-12,113.470001
"1780",2019-03-13,114
"1781",2019-03-14,114
"1782",2019-03-15,114
"1783",2019-03-16,114
"1784",2019-03-17,114
"1785",2019-03-18,114
"1786",2019-03-19,114
"1787",2019-03-20,114
"1788",2019-03-21,115.260002
"1789",2019-03-22,115.260002
"1790",2019-03-23,115.260002
"1791",2019-03-24,115.260002
"1792",2019-03-25,114.889999
"1793",2019-03-26,116.080002
"1794",2019-03-27,117.870003
"1795",2019-03-28,116.870003
"1796",2019-03-29,118.150002
"1797",2019-03-30,118.150002
"1798",2019-03-31,118.150002
"1799",2019-04-01,118.18
"1800",2019-04-02,117.949997
"1801",2019-04-03,118.650002
"1802",2019-04-04,117.949997
"1803",2019-04-05,118.989998
"1804",2019-04-06,118.989998
"1805",2019-04-07,118.989998
"1806",2019-04-08,118.419998
"1807",2019-04-09,118
"1808",2019-04-10,117.449997
"1809",2019-04-11,118.550003
"1810",2019-04-12,120.800003
"1811",2019-04-13,120.800003
"1812",2019-04-14,120.800003
"1813",2019-04-15,119.599998
"1814",2019-04-16,120.690002
"1815",2019-04-17,121.650002
"1816",2019-04-18,121.849998
"1817",2019-04-19,121.849998
"1818",2019-04-20,121.849998
"1819",2019-04-21,121.849998
"1820",2019-04-22,121.82
"1821",2019-04-23,122.400002
"1822",2019-04-24,124
"1823",2019-04-25,123.879997
"1824",2019-04-26,122.68
"1825",2019-04-27,122.68
"1826",2019-04-28,122.68
"1827",2019-04-29,123.800003
"1828",2019-04-30,122.849998
"1829",2019-05-01,122.849998
"1830",2019-05-02,122.690002
"1831",2019-05-03,123.349998
"1832",2019-05-04,123.349998
"1833",2019-05-05,123.349998
"1834",2019-05-06,123.239998
"1835",2019-05-07,122
"1836",2019-05-08,120.699997
"1837",2019-05-09,120.93
"1838",2019-05-10,121.18
"1839",2019-05-11,121.18
"1840",2019-05-12,121.18
"1841",2019-05-13,119.010002
"1842",2019-05-14,120.07
"1843",2019-05-15,121
"1844",2019-05-16,123.589996
"1845",2019-05-17,125.910004
"1846",2019-05-18,125.910004
"1847",2019-05-19,125.910004
"1848",2019-05-20,123.900002
"1849",2019-05-21,123.300003
"1850",2019-05-22,123.300003
"1851",2019-05-23,121.739998
"1852",2019-05-24,121.290001
"1853",2019-05-25,121.290001
"1854",2019-05-26,121.290001
"1855",2019-05-27,121.5
"1856",2019-05-28,120.5
"1857",2019-05-29,117.769997
"1858",2019-05-30,118.25
"1859",2019-05-31,115.050003
"1860",2019-06-01,115.050003
"1861",2019-06-02,115.050003
"1862",2019-06-03,113.580002
"1863",2019-06-04,115.099998
"1864",2019-06-05,117.379997
"1865",2019-06-06,117.800003
"1866",2019-06-07,118.779999
"1867",2019-06-08,118.779999
"1868",2019-06-09,118.779999
"1869",2019-06-10,119.610001
"1870",2019-06-11,118.760002
"1871",2019-06-12,118.650002
"1872",2019-06-13,118.910004
"1873",2019-06-14,120.089996
"1874",2019-06-15,120.089996
"1875",2019-06-16,120.089996
"1876",2019-06-17,120.089996
"1877",2019-06-18,120.150002
"1878",2019-06-19,120.089996
"1879",2019-06-20,120.089996
"1880",2019-06-21,119.769997
"1881",2019-06-22,119.769997
"1882",2019-06-23,119.769997
"1883",2019-06-24,120.209999
"1884",2019-06-25,119.699997
"1885",2019-06-26,119.050003
"1886",2019-06-27,119.290001
"1887",2019-06-28,119.699997
"1888",2019-06-29,119.699997
"1889",2019-06-30,119.699997
"1890",2019-07-01,121.620003
"1891",2019-07-02,122.25
"1892",2019-07-03,121.07
"1893",2019-07-04,122.800003
"1894",2019-07-05,122.5
"1895",2019-07-06,122.5
"1896",2019-07-07,122.5
"1897",2019-07-08,121.800003
"1898",2019-07-09,121.800003
"1899",2019-07-10,120.5
"1900",2019-07-11,119.82
"1901",2019-07-12,120.050003
"1902",2019-07-13,120.050003
"1903",2019-07-14,120.050003
"1904",2019-07-15,120.75
"1905",2019-07-16,120.389999
"1906",2019-07-17,119.75
"1907",2019-07-18,119.010002
"1908",2019-07-19,119.099998
"1909",2019-07-20,119.099998
"1910",2019-07-21,119.099998
"1911",2019-07-22,118.989998
"1912",2019-07-23,121.099998
"1913",2019-07-24,121.32
"1914",2019-07-25,121.25
"1915",2019-07-26,121.800003
"1916",2019-07-27,121.800003
"1917",2019-07-28,121.800003
"1918",2019-07-29,121.900002
"1919",2019-07-30,120.599998
"1920",2019-07-31,121.110001
"1921",2019-08-01,122.050003
"1922",2019-08-02,121.900002
"1923",2019-08-03,121.900002
"1924",2019-08-04,121.900002
"1925",2019-08-05,119.989998
"1926",2019-08-06,121.889999
"1927",2019-08-07,122.449997
"1928",2019-08-08,123.32
"1929",2019-08-09,122.989998
"1930",2019-08-10,122.989998
"1931",2019-08-11,122.989998
"1932",2019-08-12,122.669998
"1933",2019-08-13,124.230003
"1934",2019-08-14,122.699997
"1935",2019-08-15,121.519997
"1936",2019-08-16,123.800003
"1937",2019-08-17,123.800003
"1938",2019-08-18,123.800003
"1939",2019-08-19,127.110001
"1940",2019-08-20,125.889999
"1941",2019-08-21,127.5
"1942",2019-08-22,127.5
"1943",2019-08-23,125.629997
"1944",2019-08-24,125.629997
"1945",2019-08-25,125.629997
"1946",2019-08-26,127.620003
"1947",2019-08-27,127.25
"1948",2019-08-28,126.519997
"1949",2019-08-29,130.5
"1950",2019-08-30,129.080002
"1951",2019-08-31,129.080002
"1952",2019-09-01,129.080002
"1953",2019-09-02,129.550003
"1954",2019-09-03,130.080002
"1955",2019-09-04,129.270004
"1956",2019-09-05,131.020004
"1957",2019-09-06,129.990005
"1958",2019-09-07,129.990005
"1959",2019-09-08,129.990005
"1960",2019-09-09,130.910004
"1961",2019-09-10,130.270004
"1962",2019-09-11,130.5
"1963",2019-09-12,130.979996
"1964",2019-09-13,131.5
"1965",2019-09-14,131.5
"1966",2019-09-15,131.5
"1967",2019-09-16,131.309998
"1968",2019-09-17,131.210007
"1969",2019-09-18,131.710007
"1970",2019-09-19,133.820007
"1971",2019-09-20,133.080002
"1972",2019-09-21,133.080002
"1973",2019-09-22,133.080002
"1974",2019-09-23,133.25
"1975",2019-09-24,132.229996
"1976",2019-09-25,131.100006
"1977",2019-09-26,132.75
"1978",2019-09-27,131.520004
"1979",2019-09-28,131.520004
"1980",2019-09-29,131.520004
"1981",2019-09-30,132.320007
"1982",2019-10-01,130.850006
"1983",2019-10-02,127.709999
"1984",2019-10-03,126.25
"1985",2019-10-04,127.800003
"1986",2019-10-05,127.800003
"1987",2019-10-06,127.800003
"1988",2019-10-07,128.589996
"1989",2019-10-08,126.029999
"1990",2019-10-09,128.179993
"1991",2019-10-10,129.889999
"1992",2019-10-11,130.130005
"1993",2019-10-12,130.130005
"1994",2019-10-13,130.130005
"1995",2019-10-14,130.699997
"1996",2019-10-15,133.649994
"1997",2019-10-16,132.539993
"1998",2019-10-17,133.149994
"1999",2019-10-18,131.399994
"2000",2019-10-19,131.399994
"2001",2019-10-20,131.399994
"2002",2019-10-21,132.899994
"2003",2019-10-22,130.649994
"2004",2019-10-23,129.649994
"2005",2019-10-24,129.899994
"2006",2019-10-25,129.720001
"2007",2019-10-26,129.720001
"2008",2019-10-27,129.720001
"2009",2019-10-28,129.600006
"2010",2019-10-29,129.820007
"2011",2019-10-30,129.990005
"2012",2019-10-31,130
"2013",2019-11-01,129.929993
"2014",2019-11-02,129.929993
"2015",2019-11-03,129.929993
"2016",2019-11-04,132.149994
"2017",2019-11-05,131.149994
"2018",2019-11-06,133.850006
"2019",2019-11-07,135.600006
"2020",2019-11-08,137.509995
"2021",2019-11-09,137.509995
"2022",2019-11-10,137.509995
"2023",2019-11-11,137.169998
"2024",2019-11-12,137.919998
"2025",2019-11-13,138.529999
"2026",2019-11-14,139.059998
"2027",2019-11-15,139.059998
"2028",2019-11-16,139.059998
"2029",2019-11-17,139.059998
"2030",2019-11-18,140.899994
"2031",2019-11-19,140.490005
"2032",2019-11-20,140.490005
"2033",2019-11-21,139.75
"2034",2019-11-22,139.850006
"2035",2019-11-23,139.850006
"2036",2019-11-24,139.850006
"2037",2019-11-25,141.949997
"2038",2019-11-26,142.929993
"2039",2019-11-27,143.949997
"2040",2019-11-28,142.990005
"2041",2019-11-29,143.600006
"2042",2019-11-30,143.600006
"2043",2019-12-01,143.600006
"2044",2019-12-02,141
"2045",2019-12-03,139.529999
"2046",2019-12-04,140.369995
"2047",2019-12-05,140
"2048",2019-12-06,139.729996
"2049",2019-12-07,139.729996
"2050",2019-12-08,139.729996
"2051",2019-12-09,139.449997
"2052",2019-12-10,139.369995
"2053",2019-12-11,138.800003
"2054",2019-12-12,138.910004
"2055",2019-12-13,139.720001
"2056",2019-12-14,139.720001
"2057",2019-12-15,139.720001
"2058",2019-12-16,138.509995
"2059",2019-12-17,139.199997
"2060",2019-12-18,139
"2061",2019-12-19,138.199997
"2062",2019-12-20,141.350006
"2063",2019-12-21,141.350006
"2064",2019-12-22,141.350006
"2065",2019-12-23,141.550003
"2066",2019-12-24,141.550003
"2067",2019-12-25,141.550003
"2068",2019-12-26,140.399994
"2069",2019-12-27,140.350006
"2070",2019-12-28,140.350006
"2071",2019-12-29,140.350006
"2072",2019-12-30,138.710007
"2073",2019-12-31,138.710007
"2074",2020-01-01,138.710007
"2075",2020-01-02,140.600006
"2076",2020-01-03,140.699997
"2077",2020-01-04,140.699997
"2078",2020-01-05,140.699997
"2079",2020-01-06,141.199997
"2080",2020-01-07,141.300003
"2081",2020-01-08,141.550003
"2082",2020-01-09,143.399994
"2083",2020-01-10,143.350006
"2084",2020-01-11,143.350006
"2085",2020-01-12,143.350006
"2086",2020-01-13,146.050003
"2087",2020-01-14,145.440002
"2088",2020-01-15,147.5
"2089",2020-01-16,148.860001
"2090",2020-01-17,148.550003
"2091",2020-01-18,148.550003
"2092",2020-01-19,148.550003
"2093",2020-01-20,150.699997
"2094",2020-01-21,150.029999
"2095",2020-01-22,148.990005
"2096",2020-01-23,148.75
"2097",2020-01-24,147.820007
"2098",2020-01-25,147.820007
"2099",2020-01-26,147.820007
"2100",2020-01-27,146.059998
"2101",2020-01-28,147
"2102",2020-01-29,149
"2103",2020-01-30,149.889999
"2104",2020-01-31,148.100006
"2105",2020-02-01,148.100006
"2106",2020-02-02,148.100006
"2107",2020-02-03,147.970001
"2108",2020-02-04,150.600006
"2109",2020-02-05,151.5
"2110",2020-02-06,153.5
"2111",2020-02-07,153.899994
"2112",2020-02-08,153.899994
"2113",2020-02-09,153.899994
"2114",2020-02-10,155.600006
"2115",2020-02-11,156.149994
"2116",2020-02-12,157.5
"2117",2020-02-13,157.699997
"2118",2020-02-14,155.669998
"2119",2020-02-15,155.669998
"2120",2020-02-16,155.669998
"2121",2020-02-17,158.979996
"2122",2020-02-18,157.759995
"2123",2020-02-19,158.649994
"2124",2020-02-20,158.899994
"2125",2020-02-21,157.25
"2126",2020-02-22,157.25
"2127",2020-02-23,157.25
"2128",2020-02-24,157.25
"2129",2020-02-25,157.25
"2130",2020-02-26,148.020004
"2131",2020-02-27,143.75
"2132",2020-02-28,141.559998
"2133",2020-02-29,141.559998
"2134",2020-03-01,141.559998
"2135",2020-03-02,148.630005
"2136",2020-03-03,145.399994
"2137",2020-03-04,154
"2138",2020-03-05,150.050003
"2139",2020-03-06,147.720001
"2140",2020-03-07,147.720001
"2141",2020-03-08,147.720001
"2142",2020-03-09,138.800003
"2143",2020-03-10,144
"2144",2020-03-11,139.149994
"2145",2020-03-12,127
"2146",2020-03-13,140.050003
"2147",2020-03-14,140.050003
"2148",2020-03-15,140.050003
"2149",2020-03-16,129.220001
"2150",2020-03-17,136.5
"2151",2020-03-18,133.5
"2152",2020-03-19,131.25
"2153",2020-03-20,125
"2154",2020-03-21,125
"2155",2020-03-22,125
"2156",2020-03-23,124
"2157",2020-03-24,135
"2158",2020-03-25,134.149994
"2159",2020-03-26,141.149994
"2160",2020-03-27,139.399994
"2161",2020-03-28,139.399994
"2162",2020-03-29,139.399994
"2163",2020-03-30,146
"2164",2020-03-31,144.619995
"2165",2020-04-01,140.5
"2166",2020-04-02,143.5
"2167",2020-04-03,143.5
"2168",2020-04-04,143.5
"2169",2020-04-05,143.5
"2170",2020-04-06,150.800003
"2171",2020-04-07,149.649994
"2172",2020-04-08,151.800003
"2173",2020-04-09,152.720001
"2174",2020-04-10,152.720001
"2175",2020-04-11,152.720001
"2176",2020-04-12,152.720001
"2177",2020-04-13,153.979996
"2178",2020-04-14,158.550003
"2179",2020-04-15,157.050003
"2180",2020-04-16,160.850006
"2181",2020-04-17,162.100006
"2182",2020-04-18,162.100006
"2183",2020-04-19,162.100006
"2184",2020-04-20,161.199997
"2185",2020-04-21,161.199997
"2186",2020-04-22,163.100006
"2187",2020-04-23,166.520004
"2188",2020-04-24,172.649994
"2189",2020-04-25,172.649994
"2190",2020-04-26,172.649994
"2191",2020-04-27,174.970001
"2192",2020-04-28,170.149994
"2193",2020-04-29,168.800003
"2194",2020-04-30,170.5
"2195",2020-05-01,170.5
"2196",2020-05-02,170.5
"2197",2020-05-03,170.5
"2198",2020-05-04,169.199997
"2199",2020-05-05,172.240005
"2200",2020-05-06,174.649994
"2201",2020-05-07,183
"2202",2020-05-08,180.75
"2203",2020-05-09,180.75
"2204",2020-05-10,180.75
"2205",2020-05-11,183.399994
"2206",2020-05-12,181.199997
"2207",2020-05-13,179.100006
"2208",2020-05-14,178.119995
"2209",2020-05-15,180
"2210",2020-05-16,180
"2211",2020-05-17,180
"2212",2020-05-18,182.070007
"2213",2020-05-19,184
"2214",2020-05-20,182.199997
"2215",2020-05-21,176.850006
"2216",2020-05-22,176.75
"2217",2020-05-23,176.75
"2218",2020-05-24,176.75
"2219",2020-05-25,176
"2220",2020-05-26,172.149994
"2221",2020-05-27,172.899994
"2222",2020-05-28,175.899994
"2223",2020-05-29,175.649994
"2224",2020-05-30,175.649994
"2225",2020-05-31,175.649994
"2226",2020-06-01,177.149994
"2227",2020-06-02,173.5
"2228",2020-06-03,171.300003
"2229",2020-06-04,171.979996
"2230",2020-06-05,170.899994
"2231",2020-06-06,170.899994
"2232",2020-06-07,170.899994
"2233",2020-06-08,169
"2234",2020-06-09,169.149994
"2235",2020-06-10,170.509995
"2236",2020-06-11,170.509995
"2237",2020-06-12,165.800003
"2238",2020-06-13,165.800003
"2239",2020-06-14,165.800003
"2240",2020-06-15,169.800003
"2241",2020-06-16,176.199997
"2242",2020-06-17,176.25
"2243",2020-06-18,180.449997
"2244",2020-06-19,177.300003
"2245",2020-06-20,177.300003
"2246",2020-06-21,177.300003
"2247",2020-06-22,176.75
"2248",2020-06-23,174.100006
"2249",2020-06-24,175.210007
"2250",2020-06-25,177.050003
"2251",2020-06-26,177.300003
"2252",2020-06-27,177.300003
"2253",2020-06-28,177.300003
"2254",2020-06-29,178.309998
"2255",2020-06-30,181.720001
"2256",2020-07-01,177.990005
"2257",2020-07-02,181.240005
"2258",2020-07-03,182
"2259",2020-07-04,182
"2260",2020-07-05,182
"2261",2020-07-06,183.449997
"2262",2020-07-07,182.600006
"2263",2020-07-08,182.800003
"2264",2020-07-09,181.520004
"2265",2020-07-10,182.800003
"2266",2020-07-11,182.800003
"2267",2020-07-12,182.800003
"2268",2020-07-13,183.369995
"2269",2020-07-14,184.850006
"2270",2020-07-15,187.699997
"2271",2020-07-16,184.5
"2272",2020-07-17,187.25
"2273",2020-07-18,187.25
"2274",2020-07-19,187.25
"2275",2020-07-20,187.610001
"2276",2020-07-21,183.199997
"2277",2020-07-22,180.350006
"2278",2020-07-23,182.119995
"2279",2020-07-24,180.679993
"2280",2020-07-25,180.679993
"2281",2020-07-26,180.679993
"2282",2020-07-27,179.699997
"2283",2020-07-28,179.25
"2284",2020-07-29,182.220001
"2285",2020-07-30,180.800003
"2286",2020-07-31,183.679993
"2287",2020-08-01,183.679993
"2288",2020-08-02,183.679993
"2289",2020-08-03,188.899994
"2290",2020-08-04,188.050003
"2291",2020-08-05,189.839996
"2292",2020-08-06,192.399994
"2293",2020-08-07,196.75
"2294",2020-08-08,196.75
"2295",2020-08-09,196.75
"2296",2020-08-10,198.389999
"2297",2020-08-11,194.800003
"2298",2020-08-12,198.399994
"2299",2020-08-13,196
"2300",2020-08-14,197.800003
"2301",2020-08-15,197.800003
"2302",2020-08-16,197.800003
"2303",2020-08-17,201.100006
"2304",2020-08-18,200.339996
"2305",2020-08-19,202.350006
"2306",2020-08-20,203
"2307",2020-08-21,207
"2308",2020-08-22,207
"2309",2020-08-23,207
"2310",2020-08-24,207.300003
"2311",2020-08-25,205.389999
"2312",2020-08-26,211
"2313",2020-08-27,210.199997
"2314",2020-08-28,205.199997
"2315",2020-08-29,205.199997
"2316",2020-08-30,205.199997
"2317",2020-08-31,207.149994
"2318",2020-09-01,205
"2319",2020-09-02,206.610001
"2320",2020-09-03,198.009995
"2321",2020-09-04,195.600006
"2322",2020-09-05,195.600006
"2323",2020-09-06,195.600006
"2324",2020-09-07,195.600006
"2325",2020-09-08,192.460007
"2326",2020-09-09,194.5
"2327",2020-09-10,192.399994
"2328",2020-09-11,192.5
"2329",2020-09-12,192.5
"2330",2020-09-13,192.5
"2331",2020-09-14,192.399994
"2332",2020-09-15,193.5
"2333",2020-09-16,192
"2334",2020-09-17,190.399994
"2335",2020-09-18,193.800003
"2336",2020-09-19,193.800003
"2337",2020-09-20,193.800003
"2338",2020-09-21,191.029999
"2339",2020-09-22,195.800003
"2340",2020-09-23,196.020004
"2341",2020-09-24,193.020004
"2342",2020-09-25,198
"2343",2020-09-26,198
"2344",2020-09-27,198
"2345",2020-09-28,204.5
"2346",2020-09-29,207.699997
"2347",2020-09-30,203.979996
"2348",2020-10-01,206.800003
"2349",2020-10-02,205.399994
"2350",2020-10-03,205.399994
"2351",2020-10-04,205.399994
"2352",2020-10-05,205.020004
"2353",2020-10-06,203.449997
"2354",2020-10-07,207.610001
"2355",2020-10-08,208
"2356",2020-10-09,207.199997
"2357",2020-10-10,207.199997
"2358",2020-10-11,207.199997
"2359",2020-10-12,207.199997
"2360",2020-10-13,212.399994
"2361",2020-10-14,211.270004
"2362",2020-10-15,211.919998
"2363",2020-10-16,212.610001
"2364",2020-10-17,212.610001
"2365",2020-10-18,212.610001
"2366",2020-10-19,207.860001
"2367",2020-10-20,208.679993
"2368",2020-10-21,208.300003
"2369",2020-10-22,209.199997
"2370",2020-10-23,210.5
"2371",2020-10-24,210.5
"2372",2020-10-25,210.5
"2373",2020-10-26,206.940002
"2374",2020-10-27,208.600006
"2375",2020-10-28,204
"2376",2020-10-29,206.5
"2377",2020-10-30,202.600006
"2378",2020-10-31,202.600006
"2379",2020-11-01,202.600006
"2380",2020-11-02,202.600006
"2381",2020-11-03,210
"2382",2020-11-04,211
"2383",2020-11-05,210.5
"2384",2020-11-06,204.300003
"2385",2020-11-07,204.300003
"2386",2020-11-08,204.300003
"2387",2020-11-09,206.199997
"2388",2020-11-10,208.100006
"2389",2020-11-11,210
"2390",2020-11-12,209.5
"2391",2020-11-13,212.5
"2392",2020-11-14,212.5
"2393",2020-11-15,212.5
"2394",2020-11-16,213.399994
"2395",2020-11-17,211.009995
"2396",2020-11-18,206.919998
"2397",2020-11-19,205.100006
"2398",2020-11-20,205.100006
"2399",2020-11-21,205.100006
"2400",2020-11-22,205.100006
"2401",2020-11-23,211
"2402",2020-11-24,211.490005
"2403",2020-11-25,209
"2404",2020-11-26,208.5
"2405",2020-11-27,211
"2406",2020-11-28,211
"2407",2020-11-29,211
"2408",2020-11-30,210
"2409",2020-12-01,207
"2410",2020-12-02,207.350006
"2411",2020-12-03,205
"2412",2020-12-04,205.899994
"2413",2020-12-05,205.899994
"2414",2020-12-06,205.899994
"2415",2020-12-07,203.600006
"2416",2020-12-08,205.399994
"2417",2020-12-09,204.699997
"2418",2020-12-10,199.800003
"2419",2020-12-11,200.649994
"2420",2020-12-12,200.649994
"2421",2020-12-13,200.649994
"2422",2020-12-14,201.199997
"2423",2020-12-15,203.199997
"2424",2020-12-16,203.300003
"2425",2020-12-17,203
"2426",2020-12-18,203.050003
"2427",2020-12-19,203.050003
"2428",2020-12-20,203.050003
"2429",2020-12-21,204.399994
"2430",2020-12-22,205.009995
"2431",2020-12-23,207.320007
"2432",2020-12-24,207.320007
"2433",2020-12-25,207.320007
"2434",2020-12-26,207.320007
"2435",2020-12-27,207.320007
"2436",2020-12-28,211.5
"2437",2020-12-29,210
"2438",2020-12-30,210.039993
"2439",2020-12-31,210.039993
"2440",2021-01-01,210.039993
"2441",2021-01-02,210.039993
"2442",2021-01-03,210.039993
"2443",2021-01-04,210.800003
"2444",2021-01-05,212.899994
"2445",2021-01-06,215.759995
"2446",2021-01-07,222.350006
"2447",2021-01-08,224
"2448",2021-01-09,224
"2449",2021-01-10,224
"2450",2021-01-11,226.5
"2451",2021-01-12,219
"2452",2021-01-13,218.5
"2453",2021-01-14,214.020004
"2454",2021-01-15,215.399994
"2455",2021-01-16,215.399994
"2456",2021-01-17,215.399994
"2457",2021-01-18,215.139999
"2458",2021-01-19,220.240005
"2459",2021-01-20,221.350006
"2460",2021-01-21,223.830002
"2461",2021-01-22,226.899994
"2462",2021-01-23,226.899994
"2463",2021-01-24,226.899994
"2464",2021-01-25,226.899994
"2465",2021-01-26,223.679993
"2466",2021-01-27,218
"2467",2021-01-28,223.5
"2468",2021-01-29,220
"2469",2021-01-30,220
"2470",2021-01-31,220
"2471",2021-02-01,221.300003
"2472",2021-02-02,222.229996
"2473",2021-02-03,223
"2474",2021-02-04,227.600006
"2475",2021-02-05,226.5
"2476",2021-02-06,226.5
"2477",2021-02-07,226.5
"2478",2021-02-08,227
"2479",2021-02-09,228
"2480",2021-02-10,228.300003
"2481",2021-02-11,228.479996
"2482",2021-02-12,229.399994
"2483",2021-02-13,229.399994
"2484",2021-02-14,229.399994
"2485",2021-02-15,229.399994
"2486",2021-02-16,229.399994
"2487",2021-02-17,230
"2488",2021-02-18,229.800003
"2489",2021-02-19,228
"2490",2021-02-20,228
"2491",2021-02-21,228
"2492",2021-02-22,229.5
"2493",2021-02-23,228
"2494",2021-02-24,230.75
"2495",2021-02-25,229.199997
"2496",2021-02-26,231
"2497",2021-02-27,231
"2498",2021-02-28,231
"2499",2021-03-01,238.800003
"2500",2021-03-02,238.399994
"2501",2021-03-03,232.100006
"2502",2021-03-04,231.300003
"2503",2021-03-05,237
"2504",2021-03-06,237
"2505",2021-03-07,237
"2506",2021-03-08,243.25
"2507",2021-03-09,244.25
"2508",2021-03-10,240.679993
"2509",2021-03-11,236.949997
"2510",2021-03-12,237.199997
"2511",2021-03-13,237.199997
"2512",2021-03-14,237.199997
"2513",2021-03-15,242
"2514",2021-03-16,241.949997
"2515",2021-03-17,241.899994
"2516",2021-03-18,236.899994
"2517",2021-03-19,232.199997
"2518",2021-03-20,232.199997
"2519",2021-03-21,232.199997
"2520",2021-03-22,236.25
"2521",2021-03-23,234.580002
"2522",2021-03-24,237
"2523",2021-03-25,240.710007
"2524",2021-03-26,246.800003
"2525",2021-03-27,246.800003
"2526",2021-03-28,246.800003
"2527",2021-03-29,247.869995
"2528",2021-03-30,247.5
"2529",2021-03-31,243.199997
"2530",2021-04-01,249.399994
"2531",2021-04-02,249.399994
"2532",2021-04-03,249.399994
"2533",2021-04-04,249.399994
"2534",2021-04-05,251.5
"2535",2021-04-06,247.990005
"2536",2021-04-07,250.25
"2537",2021-04-08,248.5
"2538",2021-04-09,254
"2539",2021-04-10,254
"2540",2021-04-11,254
"2541",2021-04-12,256.540009
"2542",2021-04-13,257.200012
"2543",2021-04-14,254.289993
"2544",2021-04-15,254.949997
"2545",2021-04-16,255
"2546",2021-04-17,255
"2547",2021-04-18,255
"2548",2021-04-19,251.649994
"2549",2021-04-20,249.800003
"2550",2021-04-21,249.800003
"2551",2021-04-22,245.279999
"2552",2021-04-23,249
"2553",2021-04-24,249
"2554",2021-04-25,249
"2555",2021-04-26,247.5
"2556",2021-04-27,248.5
"2557",2021-04-28,244
"2558",2021-04-29,244.5
"2559",2021-04-30,247
"2560",2021-05-01,247
"2561",2021-05-02,247
"2562",2021-05-03,247.389999
"2563",2021-05-04,246.199997
"2564",2021-05-05,242.5
"2565",2021-05-06,241.199997
"2566",2021-05-07,240.360001
"2567",2021-05-08,240.360001
"2568",2021-05-09,240.360001
"2569",2021-05-10,237.5
"2570",2021-05-11,235.899994
"2571",2021-05-12,235
"2572",2021-05-13,236.350006
"2573",2021-05-14,239
"2574",2021-05-15,239
"2575",2021-05-16,239
"2576",2021-05-17,238.899994
"2577",2021-05-18,235.850006
"2578",2021-05-19,237.5
"2579",2021-05-20,238
"2580",2021-05-21,242
"2581",2021-05-22,242
"2582",2021-05-23,242
"2583",2021-05-24,242.5
"2584",2021-05-25,242.429993
"2585",2021-05-26,241.5
"2586",2021-05-27,240.600006
"2587",2021-05-28,238.899994
"2588",2021-05-29,238.899994
"2589",2021-05-30,238.899994
"2590",2021-05-31,238
"2591",2021-06-01,234.5
"2592",2021-06-02,232.899994
"2593",2021-06-03,232.899994
"2594",2021-06-04,231.710007
"2595",2021-06-05,231.710007
"2596",2021-06-06,231.710007
"2597",2021-06-07,231.460007
"2598",2021-06-08,231.470001
"2599",2021-06-09,232
"2600",2021-06-10,234.100006
"2601",2021-06-11,237.399994
"2602",2021-06-12,237.399994
"2603",2021-06-13,237.399994
"2604",2021-06-14,234.899994
"2605",2021-06-15,232.899994
"2606",2021-06-16,232.800003
"2607",2021-06-17,230.199997
"2608",2021-06-18,229.399994
"2609",2021-06-19,229.399994
"2610",2021-06-20,229.399994
"2611",2021-06-21,230
"2612",2021-06-22,229.990005
"2613",2021-06-23,228
"2614",2021-06-24,226.699997
"2615",2021-06-25,228.600006
"2616",2021-06-26,228.600006
"2617",2021-06-27,228.600006
"2618",2021-06-28,229.699997
"2619",2021-06-29,229.699997
"2620",2021-06-30,232.5
"2621",2021-07-01,236.199997
"2622",2021-07-02,238.100006
"2623",2021-07-03,238.100006
"2624",2021-07-04,238.100006
"2625",2021-07-05,239.199997
"2626",2021-07-06,245.199997
"2627",2021-07-07,248.949997
"2628",2021-07-08,247
"2629",2021-07-09,247
"2630",2021-07-10,247
"2631",2021-07-11,247
"2632",2021-07-12,247
"2633",2021-07-13,246.5
"2634",2021-07-14,242.210007
"2635",2021-07-15,242.300003
"2636",2021-07-16,241.399994
"2637",2021-07-17,241.399994
"2638",2021-07-18,241.399994
"2639",2021-07-19,242.300003
"2640",2021-07-20,246.389999
"2641",2021-07-21,246.350006
"2642",2021-07-22,248.869995
"2643",2021-07-23,249.649994
"2644",2021-07-24,249.649994
"2645",2021-07-25,249.649994
"2646",2021-07-26,248.979996
"2647",2021-07-27,248.899994
"2648",2021-07-28,244.669998
"2649",2021-07-29,244.5
"2650",2021-07-30,250.350006
"2651",2021-07-31,250.350006
"2652",2021-08-01,250.350006
"2653",2021-08-02,249
"2654",2021-08-03,249.800003
"2655",2021-08-04,248.729996
"2656",2021-08-05,251.300003
"2657",2021-08-06,253.5
"2658",2021-08-07,253.5
"2659",2021-08-08,253.5
"2660",2021-08-09,252.729996
"2661",2021-08-10,250.800003
"2662",2021-08-11,253.100006
"2663",2021-08-12,254.899994
"2664",2021-08-13,254.889999
"2665",2021-08-14,254.889999
"2666",2021-08-15,254.889999
"2667",2021-08-16,257
"2668",2021-08-17,254.550003
"2669",2021-08-18,256.5
"2670",2021-08-19,260.390015
"2671",2021-08-20,259.790009
"2672",2021-08-21,259.790009
"2673",2021-08-22,259.790009
"2674",2021-08-23,263.089996
"2675",2021-08-24,257.649994
"2676",2021-08-25,254.699997
"2677",2021-08-26,255.460007
"2678",2021-08-27,255.449997
"2679",2021-08-28,255.449997
"2680",2021-08-29,255.449997
"2681",2021-08-30,256
"2682",2021-08-31,254
"2683",2021-09-01,256.48999
"2684",2021-09-02,255.199997
"2685",2021-09-03,256.5
"2686",2021-09-04,256.5
"2687",2021-09-05,256.5
"2688",2021-09-06,256.25
"2689",2021-09-07,256.25
"2690",2021-09-08,261.5
"2691",2021-09-09,256
"2692",2021-09-10,256
"2693",2021-09-11,256
"2694",2021-09-12,256
"2695",2021-09-13,252.850006
"2696",2021-09-14,254
"2697",2021-09-15,255.649994
"2698",2021-09-16,256.350006
"2699",2021-09-17,254.520004
"2700",2021-09-18,254.520004
"2701",2021-09-19,254.520004
"2702",2021-09-20,252.429993
"2703",2021-09-21,249.919998
"2704",2021-09-22,253.009995
"2705",2021-09-23,257.200012
"2706",2021-09-24,259
"2707",2021-09-25,259
"2708",2021-09-26,259
"2709",2021-09-27,259.399994
"2710",2021-09-28,256.350006
"2711",2021-09-29,256.820007
"2712",2021-09-30,255
"2713",2021-10-01,254
"2714",2021-10-02,254
"2715",2021-10-03,254
"2716",2021-10-04,254.179993
"2717",2021-10-05,258.700012
"2718",2021-10-06,260.040009
"2719",2021-10-07,263.700012
"2720",2021-10-08,263.01001
"2721",2021-10-09,263.01001
"2722",2021-10-10,263.01001
"2723",2021-10-11,263.549988
"2724",2021-10-12,263.549988
"2725",2021-10-13,261.559998
"2726",2021-10-14,265.720001
"2727",2021-10-15,266
"2728",2021-10-16,266
"2729",2021-10-17,266
"2730",2021-10-18,269.799988
"2731",2021-10-19,274.01001
"2732",2021-10-20,274.98999
"2733",2021-10-21,280
"2734",2021-10-22,278.880005
"2735",2021-10-23,278.880005
"2736",2021-10-24,278.880005
"2737",2021-10-25,276.5
"2738",2021-10-26,277.980011
"2739",2021-10-27,275.200012
"2740",2021-10-28,281.899994
"2741",2021-10-29,283
"2742",2021-10-30,283
"2743",2021-10-31,283
"2744",2021-11-01,284
"2745",2021-11-02,284
"2746",2021-11-03,283.299988
"2747",2021-11-04,285.899994
"2748",2021-11-05,282.950012
"2749",2021-11-06,282.950012
"2750",2021-11-07,282.950012
"2751",2021-11-08,283.970001
"2752",2021-11-09,280
"2753",2021-11-10,278.459991
"2754",2021-11-11,273.899994
"2755",2021-11-12,278.119995
"2756",2021-11-13,278.119995
"2757",2021-11-14,278.119995
"2758",2021-11-15,278.119995
"2759",2021-11-16,281.01001
"2760",2021-11-17,282.959991
"2761",2021-11-18,284.679993
"2762",2021-11-19,286.410004
"2763",2021-11-20,286.410004
"2764",2021-11-21,286.410004
"2765",2021-11-22,285.690002
"2766",2021-11-23,285.450012
"2767",2021-11-24,286.209991
"2768",2021-11-25,285.5
"2769",2021-11-26,279.149994
"2770",2021-11-27,279.149994
"2771",2021-11-28,279.149994
"2772",2021-11-29,284
"2773",2021-11-30,280.549988
"2774",2021-12-01,279
"2775",2021-12-02,281
"2776",2021-12-03,279.100006
"2777",2021-12-04,279.100006
"2778",2021-12-05,279.100006
"2779",2021-12-06,284.019989
"2780",2021-12-07,287.089996
"2781",2021-12-08,284
"2782",2021-12-09,283.119995
"2783",2021-12-10,287.220001
"2784",2021-12-11,287.220001
"2785",2021-12-12,287.220001
"2786",2021-12-13,288
"2787",2021-12-14,286.670013
"2788",2021-12-15,290.880005
"2789",2021-12-16,290.350006
"2790",2021-12-17,286.73999
"2791",2021-12-18,286.73999
"2792",2021-12-19,286.73999
"2793",2021-12-20,286.230011
"2794",2021-12-21,291.299988
"2795",2021-12-22,290.220001
"2796",2021-12-23,292.589996
"2797",2021-12-24,292.589996
"2798",2021-12-25,292.589996
"2799",2021-12-26,292.589996
"2800",2021-12-27,294.559998
"2801",2021-12-28,294.029999
"2802",2021-12-29,297.75
"2803",2021-12-30,293.559998
"2804",2021-12-31,293.559998
"2805",2022-01-01,293.559998
"2806",2022-01-02,293.559998
"2807",2022-01-03,297
"2808",2022-01-04,296.549988
"2809",2022-01-05,293.600006
"2810",2022-01-06,291.299988
"2811",2022-01-07,287.950012
"2812",2022-01-08,287.950012
"2813",2022-01-09,287.950012
"2814",2022-01-10,288
"2815",2022-01-11,286.899994
"2816",2022-01-12,285.320007
"2817",2022-01-13,282
"2818",2022-01-14,280.299988
"2819",2022-01-15,280.299988
"2820",2022-01-16,280.299988
"2821",2022-01-17,281
"2822",2022-01-18,277.940002
"2823",2022-01-19,269.799988
"2824",2022-01-20,265.299988
"2825",2022-01-21,261
"2826",2022-01-22,261
"2827",2022-01-23,261
"2828",2022-01-24,262.299988
"2829",2022-01-25,258.799988
"2830",2022-01-26,256.600006
"2831",2022-01-27,254.050003
"2832",2022-01-28,259.049988
"2833",2022-01-29,259.049988
"2834",2022-01-30,259.049988
"2835",2022-01-31,260.399994
"2836",2022-02-01,260.01001
"2837",2022-02-02,262
"2838",2022-02-03,260.5
"2839",2022-02-04,260.200012
"2840",2022-02-05,260.200012
"2841",2022-02-06,260.200012
"2842",2022-02-07,257.799988
"2843",2022-02-08,260
"2844",2022-02-09,262
"2845",2022-02-10,258
"2846",2022-02-11,253
"2847",2022-02-12,253
"2848",2022-02-13,253
"2849",2022-02-14,250
"2850",2022-02-15,251.399994
"2851",2022-02-16,249.740005
"2852",2022-02-17,246.710007
"2853",2022-02-18,243.399994
"2854",2022-02-19,243.399994
"2855",2022-02-20,243.399994
"2856",2022-02-21,237.5
"2857",2022-02-22,236.399994
"2858",2022-02-23,232
"2859",2022-02-24,238
"2860",2022-02-25,245.5
"2861",2022-02-26,245.5
"2862",2022-02-27,245.5
"2863",2022-02-28,245.5
"2864",2022-03-01,245.5
"2865",2022-03-02,243.600006
"2866",2022-03-03,239.399994
"2867",2022-03-04,239.100006
"2868",2022-03-05,239.100006
"2869",2022-03-06,239.100006
"2870",2022-03-07,234
"2871",2022-03-08,230.399994
"2872",2022-03-09,234
"2873",2022-03-10,233.399994
"2874",2022-03-11,233.350006
"2875",2022-03-12,233.350006
"2876",2022-03-13,233.350006
"2877",2022-03-14,234.399994
"2878",2022-03-15,240.149994
"2879",2022-03-16,243
"2880",2022-03-17,242.600006
"2881",2022-03-18,244.5
"2882",2022-03-19,244.5
"2883",2022-03-20,244.5
"2884",2022-03-21,241.350006
"2885",2022-03-22,242.649994
"2886",2022-03-23,235.800003
"2887",2022-03-24,237.5
"2888",2022-03-25,235.449997
"2889",2022-03-26,235.449997
"2890",2022-03-27,235.449997
"2891",2022-03-28,238.300003
"2892",2022-03-29,240.649994
"2893",2022-03-30,240.559998
"2894",2022-03-31,235.649994
"2895",2022-04-01,231.990005
"2896",2022-04-02,231.990005
"2897",2022-04-03,231.990005
"2898",2022-04-04,230.880005
"2899",2022-04-05,230.5
"2900",2022-04-06,231.5
"2901",2022-04-07,233
"2902",2022-04-08,231.029999
"2903",2022-04-09,231.029999
"2904",2022-04-10,231.029999
"2905",2022-04-11,226.100006
"2906",2022-04-12,224.5
"2907",2022-04-13,227.399994
"2908",2022-04-14,225.199997
"2909",2022-04-15,225.199997
"2910",2022-04-16,225.199997
"2911",2022-04-17,225.199997
"2912",2022-04-18,223.509995
"2913",2022-04-19,227.149994
"2914",2022-04-20,225.5
"2915",2022-04-21,225.5
"2916",2022-04-22,224
"2917",2022-04-23,224
"2918",2022-04-24,224
"2919",2022-04-25,228.470001
"2920",2022-04-26,227.399994
"2921",2022-04-27,227
"2922",2022-04-28,232
"2923",2022-04-29,224.100006
"2924",2022-04-30,224.100006
"2925",2022-05-01,224.100006
"2926",2022-05-02,230.199997
"2927",2022-05-03,226.75
"2928",2022-05-04,231
"2929",2022-05-05,228
"2930",2022-05-06,229.149994
"2931",2022-05-07,229.149994
"2932",2022-05-08,229.149994
"2933",2022-05-09,225
"2934",2022-05-10,224.5
"2935",2022-05-11,221.75
"2936",2022-05-12,220.619995
"2937",2022-05-13,222.25
"2938",2022-05-14,222.25
"2939",2022-05-15,222.25
"2940",2022-05-16,221.940002
"2941",2022-05-17,221.860001
"2942",2022-05-18,214
"2943",2022-05-19,211
"2944",2022-05-20,208.889999
"2945",2022-05-21,208.889999
"2946",2022-05-22,208.889999
"2947",2022-05-23,209.690002
"2948",2022-05-24,209.949997
"2949",2022-05-25,210.199997
"2950",2022-05-26,211.75
"2951",2022-05-27,216
"2952",2022-05-28,216
"2953",2022-05-29,216
"2954",2022-05-30,216.389999
"2955",2022-05-31,214.5
"2956",2022-06-01,216.25
"2957",2022-06-02,219.350006
"2958",2022-06-03,215.350006
"2959",2022-06-04,215.350006
"2960",2022-06-05,215.350006
"2961",2022-06-06,216.75
"2962",2022-06-07,222
"2963",2022-06-08,220.899994
"2964",2022-06-09,218
"2965",2022-06-10,212.75
"2966",2022-06-11,212.75
"2967",2022-06-12,212.75
"2968",2022-06-13,210
"2969",2022-06-14,209.75
"2970",2022-06-15,209
"2971",2022-06-16,209
"2972",2022-06-17,207.5
"2973",2022-06-18,207.5
"2974",2022-06-19,207.5
"2975",2022-06-20,211
"2976",2022-06-21,212.5
"2977",2022-06-22,213.550003
"2978",2022-06-23,217.649994
"2979",2022-06-24,225.5
"2980",2022-06-25,225.5
"2981",2022-06-26,225.5
"2982",2022-06-27,223.699997
"2983",2022-06-28,220.5
"2984",2022-06-29,217.5
"2985",2022-06-30,216.699997
"2986",2022-07-01,227
"2987",2022-07-02,227
"2988",2022-07-03,227
"2989",2022-07-04,222.990005
"2990",2022-07-05,226.5
"2991",2022-07-06,228.160004
"2992",2022-07-07,228.550003
"2993",2022-07-08,225.199997
"2994",2022-07-09,225.199997
"2995",2022-07-10,225.199997
"2996",2022-07-11,227
"2997",2022-07-12,227.850006
"2998",2022-07-13,225.240005
"2999",2022-07-14,225.75
"3000",2022-07-15,228.850006
"3001",2022-07-16,228.850006
"3002",2022-07-17,228.850006
"3003",2022-07-18,228.5
"3004",2022-07-19,233.899994
"3005",2022-07-20,237.149994
"3006",2022-07-21,240.130005
"3007",2022-07-22,238.839996
"3008",2022-07-23,238.839996
"3009",2022-07-24,238.839996
"3010",2022-07-25,233.75
"3011",2022-07-26,230.5
"3012",2022-07-27,231.649994
"3013",2022-07-28,230.800003
"3014",2022-07-29,234.5
"3015",2022-07-30,234.5
"3016",2022-07-31,234.5
"3017",2022-08-01,233.949997
"3018",2022-08-02,237
"3019",2022-08-03,240.550003
"3020",2022-08-04,237.699997
"3021",2022-08-05,235
"3022",2022-08-06,235
"3023",2022-08-07,235
"3024",2022-08-08,232.190002
"3025",2022-08-09,232.570007
"3026",2022-08-10,234.889999
"3027",2022-08-11,238.789993
"3028",2022-08-12,238.339996
"3029",2022-08-13,238.339996
"3030",2022-08-14,238.339996
"3031",2022-08-15,241
"3032",2022-08-16,243.190002
"3033",2022-08-17,242.550003
"3034",2022-08-18,243.5
"3035",2022-08-19,240.149994
"3036",2022-08-20,240.149994
"3037",2022-08-21,240.149994
"3038",2022-08-22,235.100006
"3039",2022-08-23,231.410004
"3040",2022-08-24,232.699997
"3041",2022-08-25,235.509995
"3042",2022-08-26,226
"3043",2022-08-27,226
"3044",2022-08-28,226
"3045",2022-08-29,223
"3046",2022-08-30,223.850006
"3047",2022-08-31,226
"3048",2022-09-01,228.350006
"3049",2022-09-02,223.550003
"3050",2022-09-03,223.550003
"3051",2022-09-04,223.550003
"3052",2022-09-05,223
"3053",2022-09-06,225
"3054",2022-09-07,225
"3055",2022-09-08,229.5
"3056",2022-09-09,230.199997
"3057",2022-09-10,230.199997
"3058",2022-09-11,230.199997
"3059",2022-09-12,230.5
"3060",2022-09-13,224.5
"3061",2022-09-14,224.75
"3062",2022-09-15,225
"3063",2022-09-16,224.25
"3064",2022-09-17,224.25
"3065",2022-09-18,224.25
"3066",2022-09-19,221.25
"3067",2022-09-20,218.25
"3068",2022-09-21,215.350006
"3069",2022-09-22,211.899994
"3070",2022-09-23,213.75
"3071",2022-09-24,213.75
"3072",2022-09-25,213.75
"3073",2022-09-26,216.350006
"3074",2022-09-27,215.550003
"3075",2022-09-28,219
"3076",2022-09-29,215.979996
"3077",2022-09-30,213.5
"3078",2022-10-01,213.5
"3079",2022-10-02,213.5
"3080",2022-10-03,209.139999
"3081",2022-10-04,215.399994
"3082",2022-10-05,215.5
"3083",2022-10-06,214.75
"3084",2022-10-07,208.699997
"3085",2022-10-08,208.699997
"3086",2022-10-09,208.699997
"3087",2022-10-10,206.300003
"3088",2022-10-11,208.600006
"3089",2022-10-12,208.600006
"3090",2022-10-13,213
"3091",2022-10-14,209.899994
"3092",2022-10-15,209.899994
"3093",2022-10-16,209.899994
"3094",2022-10-17,214.149994
"3095",2022-10-18,215.5
"3096",2022-10-19,214.399994
"3097",2022-10-20,210
"3098",2022-10-21,213
"3099",2022-10-22,213
"3100",2022-10-23,213
"3101",2022-10-24,221.550003
"3102",2022-10-25,225.699997
"3103",2022-10-26,226.699997
"3104",2022-10-27,222.899994
"3105",2022-10-28,226.899994
"3106",2022-10-29,226.899994
"3107",2022-10-30,226.899994
"3108",2022-10-31,220.240005
"3109",2022-11-01,217.350006
"3110",2022-11-02,217.350006
"3111",2022-11-03,209.649994
"3112",2022-11-04,209.850006
"3113",2022-11-05,209.850006
"3114",2022-11-06,209.850006
"3115",2022-11-07,216.75
"3116",2022-11-08,217.25
"3117",2022-11-09,215
"3118",2022-11-10,233.75
"3119",2022-11-11,234.419998
"3120",2022-11-12,234.419998
"3121",2022-11-13,234.419998
"3122",2022-11-14,232.25
"3123",2022-11-15,232.25
"3124",2022-11-16,235.300003
"3125",2022-11-17,235.300003
"3126",2022-11-18,235
"3127",2022-11-19,235
"3128",2022-11-20,235
"3129",2022-11-21,231.399994
"3130",2022-11-22,236.899994
"3131",2022-11-23,237.75
"3132",2022-11-24,239.479996
"3133",2022-11-25,240
"3134",2022-11-26,240
"3135",2022-11-27,240
"3136",2022-11-28,234.699997
"3137",2022-11-29,230
"3138",2022-11-30,233.25
"3139",2022-12-01,233.5
"3140",2022-12-02,234.449997
"3141",2022-12-03,234.449997
"3142",2022-12-04,234.449997
"3143",2022-12-05,233
"3144",2022-12-06,227.5
"3145",2022-12-07,225.899994
"3146",2022-12-08,228
"3147",2022-12-09,227.449997
"3148",2022-12-10,227.449997
"3149",2022-12-11,227.449997
"3150",2022-12-12,232.690002
"3151",2022-12-13,233.949997
"3152",2022-12-14,232.690002
"3153",2022-12-15,227.899994
"3154",2022-12-16,224.839996
"3155",2022-12-17,224.839996
"3156",2022-12-18,224.839996
"3157",2022-12-19,222.630005
"3158",2022-12-20,218.880005
"3159",2022-12-21,222.059998
"3160",2022-12-22,220
"3161",2022-12-23,218.600006
"3162",2022-12-24,218.600006
"3163",2022-12-25,218.600006
"3164",2022-12-26,219
"3165",2022-12-27,222.199997
"3166",2022-12-28,220
"3167",2022-12-29,225
"3168",2022-12-30,225
"3169",2022-12-31,225
"3170",2023-01-01,225
"3171",2023-01-02,227.5
"3172",2023-01-03,230.5
"3173",2023-01-04,232
"3174",2023-01-05,224.880005
"3175",2023-01-06,224.5
"3176",2023-01-07,224.5
"3177",2023-01-08,224.5
"3178",2023-01-09,225.449997
"3179",2023-01-10,225.5
"3180",2023-01-11,226.199997
"3181",2023-01-12,224.25
"3182",2023-01-13,224.850006
"3183",2023-01-14,224.850006
"3184",2023-01-15,224.850006
"3185",2023-01-16,228
"3186",2023-01-17,225
"3187",2023-01-18,224.5
"3188",2023-01-19,222.5
"3189",2023-01-20,228.100006
"3190",2023-01-21,228.100006
"3191",2023-01-22,228.100006
"3192",2023-01-23,230.550003
"3193",2023-01-24,227.600006
"3194",2023-01-25,224.699997
"3195",2023-01-26,226.949997
"3196",2023-01-27,229.559998
"3197",2023-01-28,229.559998
"3198",2023-01-29,229.559998
"3199",2023-01-30,227
"3200",2023-01-31,228.199997
"3201",2023-02-01,230
"3202",2023-02-02,231.419998
"3203",2023-02-03,239
"3204",2023-02-04,239
"3205",2023-02-05,239
"3206",2023-02-06,233.100006
"3207",2023-02-07,239.419998
"3208",2023-02-08,235.699997
"3209",2023-02-09,236
"3210",2023-02-10,231
"3211",2023-02-11,231
"3212",2023-02-12,231
"3213",2023-02-13,235.5
"3214",2023-02-14,236.5
"3215",2023-02-15,240
"3216",2023-02-16,235.449997
"3217",2023-02-17,233
"3218",2023-02-18,233
"3219",2023-02-19,233
"3220",2023-02-20,233
"3221",2023-02-21,233
"3222",2023-02-22,228
"3223",2023-02-23,228
"3224",2023-02-24,229
"3225",2023-02-25,229
"3226",2023-02-26,229
"3227",2023-02-27,229.089996
"3228",2023-02-28,229.300003
"3229",2023-03-01,226.550003
"3230",2023-03-02,228.509995
"3231",2023-03-03,232.619995
"3232",2023-03-04,232.619995
"3233",2023-03-05,232.619995
"3234",2023-03-06,231.5
"3235",2023-03-07,229.399994
"3236",2023-03-08,226.949997
"3237",2023-03-09,223.600006
"3238",2023-03-10,223
"3239",2023-03-11,223
"3240",2023-03-12,223
"3241",2023-03-13,224.779999
"3242",2023-03-14,227.5
"3243",2023-03-15,227.699997
"3244",2023-03-16,229.720001
"3245",2023-03-17,226
"3246",2023-03-18,226
"3247",2023-03-19,226
"3248",2023-03-20,229.25
"3249",2023-03-21,232.100006
"3250",2023-03-22,227.710007
"3251",2023-03-23,230.5
"3252",2023-03-24,230.610001
"3253",2023-03-25,230.610001
"3254",2023-03-26,230.610001
"3255",2023-03-27,228.699997
"3256",2023-03-28,226.550003
"3257",2023-03-29,227.880005
"3258",2023-03-30,227.800003
"3259",2023-03-31,229.75
"3260",2023-04-01,229.75
"3261",2023-04-02,229.75
"3262",2023-04-03,230.699997
"3263",2023-04-04,229.779999
"3264",2023-04-05,227.649994
"3265",2023-04-06,228.009995
"3266",2023-04-07,228.009995
"3267",2023-04-08,228.009995
"3268",2023-04-09,228.009995
"3269",2023-04-10,229
"3270",2023-04-11,226.649994
"3271",2023-04-12,222.449997
"3272",2023-04-13,225
"3273",2023-04-14,224
"3274",2023-04-15,224
"3275",2023-04-16,224
"3276",2023-04-17,226.110001
"3277",2023-04-18,227.75
"3278",2023-04-19,233
"3279",2023-04-20,230.669998
"3280",2023-04-21,230.669998
"3281",2023-04-22,230.669998
"3282",2023-04-23,230.669998
"3283",2023-04-24,230.5
"3284",2023-04-25,228.490005
"3285",2023-04-26,227
"3286",2023-04-27,227.5
"3287",2023-04-28,229.75
"3288",2023-04-29,229.75
"3289",2023-04-30,229.75
"3290",2023-05-01,229.75
"3291",2023-05-02,229.600006
"3292",2023-05-03,225.589996
"3293",2023-05-04,223.699997
"3294",2023-05-05,225.600006
"3295",2023-05-06,225.600006
"3296",2023-05-07,225.600006
"3297",2023-05-08,228.899994
"3298",2023-05-09,226.949997
"3299",2023-05-10,225.699997
"3300",2023-05-11,225
"3301",2023-05-12,224
"3302",2023-05-13,224
"3303",2023-05-14,224
"3304",2023-05-15,223.5
"3305",2023-05-16,224.5
"3306",2023-05-17,226.699997
"3307",2023-05-18,230.529999
"3308",2023-05-19,231.490005
"3309",2023-05-20,231.490005
"3310",2023-05-21,231.490005
"3311",2023-05-22,230.300003
"3312",2023-05-23,227.800003
"3313",2023-05-24,225.320007
"3314",2023-05-25,231
"3315",2023-05-26,231.600006
"3316",2023-05-27,231.600006
"3317",2023-05-28,231.600006
"3318",2023-05-29,233.389999
"3319",2023-05-30,234
"3320",2023-05-31,233.25
"3321",2023-06-01,233.399994
"3322",2023-06-02,234
"3323",2023-06-03,234
"3324",2023-06-04,234
"3325",2023-06-05,232.550003
"3326",2023-06-06,232.490005
"3327",2023-06-07,231.850006
"3328",2023-06-08,231.850006
"3329",2023-06-09,231.440002
"3330",2023-06-10,231.440002
"3331",2023-06-11,231.440002
"3332",2023-06-12,232.710007
"3333",2023-06-13,234.100006
"3334",2023-06-14,232
"3335",2023-06-15,235
"3336",2023-06-16,235
"3337",2023-06-17,235
"3338",2023-06-18,235
"3339",2023-06-19,232.899994
"3340",2023-06-20,232.199997
"3341",2023-06-21,230.070007
"3342",2023-06-22,231.100006
"3343",2023-06-23,229.449997
"3344",2023-06-24,229.449997
"3345",2023-06-25,229.449997
"3346",2023-06-26,228
"3347",2023-06-27,232.020004
"3348",2023-06-28,234.740005
"3349",2023-06-29,235
"3350",2023-06-30,235.25
"3351",2023-07-01,235.25
"3352",2023-07-02,235.25
"3353",2023-07-03,236.979996
"3354",2023-07-04,238.100006
"3355",2023-07-05,238.289993
"3356",2023-07-06,240.899994
"3357",2023-07-07,237.5
"3358",2023-07-08,237.5
"3359",2023-07-09,237.5
"3360",2023-07-10,238.660004
"3361",2023-07-11,238.600006
"3362",2023-07-12,238.649994
"3363",2023-07-13,239.100006
"3364",2023-07-14,238.850006
"3365",2023-07-15,238.850006
"3366",2023-07-16,238.850006
"3367",2023-07-17,240.369995
"3368",2023-07-18,242.399994
"3369",2023-07-19,241.770004
"3370",2023-07-20,241.130005
"3371",2023-07-21,239.889999
"3372",2023-07-22,239.889999
"3373",2023-07-23,239.889999
"3374",2023-07-24,238.800003
"3375",2023-07-25,240.600006
"3376",2023-07-26,239.449997
"3377",2023-07-27,238.949997
"3378",2023-07-28,240.199997
"3379",2023-07-29,240.199997
"3380",2023-07-30,240.199997
"3381",2023-07-31,239.820007
"3382",2023-08-01,242.649994
"3383",2023-08-02,240.199997
"3384",2023-08-03,244.75
"3385",2023-08-04,241.699997
"3386",2023-08-05,241.699997
"3387",2023-08-06,241.699997
"3388",2023-08-07,244.990005
"3389",2023-08-08,243.949997
"3390",2023-08-09,243
"3391",2023-08-10,241.529999
"3392",2023-08-11,242.75
"3393",2023-08-12,242.75
"3394",2023-08-13,242.75
"3395",2023-08-14,246.699997
"3396",2023-08-15,245.25
"3397",2023-08-16,242.990005
"3398",2023-08-17,241.199997
"3399",2023-08-18,240.679993
"3400",2023-08-19,240.679993
"3401",2023-08-20,240.679993
"3402",2023-08-21,242.699997
"3403",2023-08-22,240.190002
"3404",2023-08-23,238.649994
"3405",2023-08-24,236.800003
"3406",2023-08-25,238.350006
"3407",2023-08-26,238.350006
"3408",2023-08-27,238.350006
"3409",2023-08-28,239.740005
"3410",2023-08-29,241.850006
"3411",2023-08-30,243.850006
"3412",2023-08-31,247.649994
"3413",2023-09-01,246.800003
"3414",2023-09-02,246.800003
"3415",2023-09-03,246.800003
"3416",2023-09-04,246.940002
"3417",2023-09-05,248.100006
"3418",2023-09-06,246.460007
"3419",2023-09-07,246.460007
"3420",2023-09-08,246.350006
"3421",2023-09-09,246.350006
"3422",2023-09-10,246.350006
"3423",2023-09-11,244.899994
"3424",2023-09-12,245.350006
"3425",2023-09-13,243.100006
"3426",2023-09-14,243.5
"3427",2023-09-15,240.75
"3428",2023-09-16,240.75
"3429",2023-09-17,240.75
"3430",2023-09-18,239.899994
"3431",2023-09-19,239.800003
"3432",2023-09-20,238.330002
"3433",2023-09-21,236.550003
"3434",2023-09-22,236.520004
"3435",2023-09-23,236.520004
"3436",2023-09-24,236.520004
"3437",2023-09-25,239.199997
"3438",2023-09-26,235.949997
"3439",2023-09-27,239.149994
"3440",2023-09-28,239.490005
"3441",2023-09-29,238.789993
"3442",2023-09-30,238.789993
"3443",2023-10-01,238.789993
"3444",2023-10-02,240.800003
"3445",2023-10-03,241.649994
"3446",2023-10-04,243.539993
"3447",2023-10-05,243.800003
"3448",2023-10-06,246.699997
"3449",2023-10-07,246.699997
"3450",2023-10-08,246.699997
"3451",2023-10-09,246.699997
"3452",2023-10-10,244.289993
"3453",2023-10-11,245.300003
"3454",2023-10-12,245.300003
"3455",2023-10-13,244.050003
"3456",2023-10-14,244.050003
"3457",2023-10-15,244.050003
"3458",2023-10-16,244.199997
"3459",2023-10-17,244.100006
"3460",2023-10-18,242.089996
"3461",2023-10-19,239.589996
"3462",2023-10-20,235.160004
"3463",2023-10-21,235.160004
"3464",2023-10-22,235.160004
"3465",2023-10-23,234.600006
"3466",2023-10-24,235.25
"3467",2023-10-25,232.199997
"3468",2023-10-26,229
"3469",2023-10-27,228.990005
"3470",2023-10-28,228.990005
"3471",2023-10-29,228.990005
"3472",2023-10-30,233.020004
"3473",2023-10-31,234
"3474",2023-11-01,233.399994
"3475",2023-11-02,233.399994
"3476",2023-11-03,236.979996
"3477",2023-11-04,236.979996
"3478",2023-11-05,236.979996
"3479",2023-11-06,236.25
"3480",2023-11-07,236.779999
"3481",2023-11-08,238.199997
"3482",2023-11-09,237.949997
"3483",2023-11-10,240.149994
"3484",2023-11-11,240.149994
"3485",2023-11-12,240.149994
"3486",2023-11-13,240.399994
"3487",2023-11-14,242.75
"3488",2023-11-15,242.75
"3489",2023-11-16,243.649994
"3490",2023-11-17,245.850006
"3491",2023-11-18,245.850006
"3492",2023-11-19,245.850006
"3493",2023-11-20,244.699997
"3494",2023-11-21,246.169998
"3495",2023-11-22,247.949997
"3496",2023-11-23,247.5
"3497",2023-11-24,248.100006
"3498",2023-11-25,248.100006
"3499",2023-11-26,248.100006
"3500",2023-11-27,247
"3501",2023-11-28,246.009995
"3502",2023-11-29,247.5
"3503",2023-11-30,249.699997
"3504",2023-12-01,248.899994
"3505",2023-12-02,248.899994
"3506",2023-12-03,248.899994
"3507",2023-12-04,250.850006
"3508",2023-12-05,249.75
"3509",2023-12-06,247.699997
"3510",2023-12-07,249.5
"3511",2023-12-08,251.850006
"3512",2023-12-09,251.850006
"3513",2023-12-10,251.850006
"3514",2023-12-11,253.25
"3515",2023-12-12,255.899994
"3516",2023-12-13,257
"3517",2023-12-14,257.5
"3518",2023-12-15,259.049988
"3519",2023-12-16,259.049988
"3520",2023-12-17,259.049988
"3521",2023-12-18,257.799988
"3522",2023-12-19,257.200012
"3523",2023-12-20,256.200012
"3524",2023-12-21,256.799988
"3525",2023-12-22,256.25
"3526",2023-12-23,256.25
"3527",2023-12-24,256.25
"3528",2023-12-25,256.25
"3529",2023-12-26,256.149994
"3530",2023-12-27,256.209991
"3531",2023-12-28,257.609985
"3532",2023-12-29,257.609985
"3533",2023-12-30,257.609985
"3534",2023-12-31,257.609985
"3535",2024-01-01,257.609985
"3536",2024-01-02,259
"3537",2024-01-03,257.100006
"3538",2024-01-04,254.899994
"3539",2024-01-05,253.949997
"3540",2024-01-06,253.949997
"3541",2024-01-07,253.949997
"3542",2024-01-08,257.109985
"3543",2024-01-09,258.850006
"3544",2024-01-10,259.279999
"3545",2024-01-11,258.200012
"3546",2024-01-12,257.480011
"3547",2024-01-13,257.480011
"3548",2024-01-14,257.480011
"3549",2024-01-15,258.109985
"3550",2024-01-16,260.279999
"3551",2024-01-17,259
"3552",2024-01-18,261.019989
"3553",2024-01-19,264.429993
"3554",2024-01-20,264.429993
"3555",2024-01-21,264.429993
"3556",2024-01-22,268.320007
"3557",2024-01-23,267.480011
"3558",2024-01-24,266.350006
"3559",2024-01-25,267.079987
"3560",2024-01-26,266.829987
"3561",2024-01-27,266.829987
"3562",2024-01-28,266.829987
"3563",2024-01-29,270.5
"3564",2024-01-30,270.130005
"3565",2024-01-31,266.619995
"3566",2024-02-01,267.450012
"3567",2024-02-02,273.01001
"3568",2024-02-03,273.01001
"3569",2024-02-04,273.01001
"3570",2024-02-05,273.440002
"3571",2024-02-06,272.75
"3572",2024-02-07,275.23999
"3573",2024-02-08,277.149994
"3574",2024-02-09,276.25
"3575",2024-02-10,276.25
"3576",2024-02-11,276.25
"3577",2024-02-12,276.25
"3578",2024-02-13,276.25
"3579",2024-02-14,275.850006
"3580",2024-02-15,277.700012
"3581",2024-02-16,276.350006
"3582",2024-02-17,276.350006
"3583",2024-02-18,276.350006
"3584",2024-02-19,276.700012
"3585",2024-02-20,272.299988
"3586",2024-02-21,273.799988
"3587",2024-02-22,280.299988
"3588",2024-02-23,282.200012
"3589",2024-02-24,282.200012
"3590",2024-02-25,282.200012
"3591",2024-02-26,280.420013
"3592",2024-02-27,278.200012
"3593",2024-02-28,279.950012
"3594",2024-02-29,281.100006
"3595",2024-03-01,282.73999
"3596",2024-03-02,282.73999
"3597",2024-03-03,282.73999
"3598",2024-03-04,282.339996
"3599",2024-03-05,279.859985
"3600",2024-03-06,280.420013
"3601",2024-03-07,282.619995
"3602",2024-03-08,283.75
"3603",2024-03-09,283.75
"3604",2024-03-10,283.75
"3605",2024-03-11,283.25
"3606",2024-03-12,286.23999
"3607",2024-03-13,285.570007
"3608",2024-03-14,285.75
"3609",2024-03-15,284.399994
"3610",2024-03-16,284.399994
"3611",2024-03-17,284.399994
"3612",2024-03-18,288
"3613",2024-03-19,289.519989
"3614",2024-03-20,288.75
"3615",2024-03-21,289.299988
"3616",2024-03-22,290.619995
"3617",2024-03-23,290.619995
"3618",2024-03-24,290.619995
"3619",2024-03-25,288.329987
"3620",2024-03-26,288
"3621",2024-03-27,290.660004
"3622",2024-03-28,292.600006
"3623",2024-03-29,292.600006
"3624",2024-03-30,292.600006
"3625",2024-03-31,292.600006
"3626",2024-04-01,294.700012
"3627",2024-04-02,292.700012
"3628",2024-04-03,291.950012
"3629",2024-04-04,289.01001
"3630",2024-04-05,292.809998
"3631",2024-04-06,292.809998
"3632",2024-04-07,292.809998
"3633",2024-04-08,291
"3634",2024-04-09,290.200012
"3635",2024-04-10,291
"3636",2024-04-11,294.100006
"3637",2024-04-12,292.100006
"3638",2024-04-13,292.100006
"3639",2024-04-14,292.100006
"3640",2024-04-15,291.549988
"3641",2024-04-16,295.809998
"3642",2024-04-17,292.399994
"3643",2024-04-18,292.299988
"3644",2024-04-19,287
"3645",2024-04-20,287
"3646",2024-04-21,287
"3647",2024-04-22,288.290009
"3648",2024-04-23,289.700012
"3649",2024-04-24,289.730011
"3650",2024-04-25,290.51001
"3651",2024-04-26,289.799988
"3652",2024-04-27,289.799988
"3653",2024-04-28,289.799988
"3654",2024-04-29,290.950012
"3655",2024-04-30,291
"3656",2024-05-01,291
"3657",2024-05-02,288
"3658",2024-05-03,289.48999
"3659",2024-05-04,289.48999
"3660",2024-05-05,289.48999
"3661",2024-05-06,292.100006
"3662",2024-05-07,292.25
"3663",2024-05-08,293.399994
"3664",2024-05-09,298.299988
"3665",2024-05-10,299.350006
"3666",2024-05-11,299.350006
"3667",2024-05-12,299.350006
"3668",2024-05-13,299.100006
"3669",2024-05-14,299.299988
"3670",2024-05-15,303.200012
"3671",2024-05-16,302.649994
"3672",2024-05-17,301.140015
"3673",2024-05-18,301.140015
"3674",2024-05-19,301.140015
"3675",2024-05-20,301.700012
"3676",2024-05-21,303.089996
"3677",2024-05-22,304.609985
"3678",2024-05-23,302.25
"3679",2024-05-24,304.549988
"3680",2024-05-25,304.549988
"3681",2024-05-26,304.549988
"3682",2024-05-27,306.119995
"3683",2024-05-28,304.609985
"3684",2024-05-29,305.450012
"3685",2024-05-30,305.450012
"3686",2024-05-31,308.200012
"3687",2024-06-01,308.200012
"3688",2024-06-02,308.200012
"3689",2024-06-03,308
"3690",2024-06-04,311.299988
"3691",2024-06-05,315.579987
"3692",2024-06-06,314.179993
